<additionals>
    <tlLogic id="1092997347" type="static" programID="0" offset="0">
        <phase duration="70" state="GG"/>
        <phase duration="3"  state="yy"/>
        <phase duration="17" state="rr"/>
    </tlLogic>
    <tlLogic id="1110673414" type="static" programID="0" offset="0">
        <phase duration="52" state="rg"/>
        <phase duration="3"  state="ry"/>
        <phase duration="2"  state="rr"/>
        <phase duration="28" state="gr"/>
        <phase duration="3"  state="yr"/>
        <phase duration="2"  state="rr"/>
    </tlLogic>
    <tlLogic id="1110673556" type="static" programID="0" offset="0">
        <phase duration="45" state="ggrrrggg"/>
        <phase duration="3"  state="ggrrryyy"/>
        <phase duration="2"  state="ggrrrrrr"/>
        <phase duration="15" state="gggggrrr"/>
        <phase duration="3"  state="yyyyyrrr"/>
        <phase duration="14" state="rrrrrrrr"/>
        <phase duration="8"  state="ggrrrrrr"/>
    </tlLogic>
    <tlLogic id="1110698273" type="static" programID="0" offset="0">
        <phase duration="42" state="GGrr"/>
        <phase duration="3"  state="yyrr"/>
        <phase duration="2"  state="rrrr"/>
        <phase duration="38" state="rrGG"/>
        <phase duration="3"  state="rryy"/>
        <phase duration="2"  state="rrrr"/>
    </tlLogic>
    <tlLogic id="111415443" type="static" programID="0" offset="0">
        <phase duration="60" state="GG"/>
        <phase duration="3"  state="yy"/>
        <phase duration="27" state="rr"/>
    </tlLogic>
    <tlLogic id="111415446" type="static" programID="0" offset="0">
        <phase duration="62" state="rrggg"/>
        <phase duration="3"  state="rryyy"/>
        <phase duration="2"  state="rrrrr"/>
        <phase duration="18" state="ggrrr"/>
        <phase duration="3"  state="yyrrr"/>
        <phase duration="2"  state="rrrrr"/>
    </tlLogic>
    <tlLogic id="111481288" type="static" programID="0" offset="0">
        <phase duration="55" state="gggr"/>
        <phase duration="3"  state="yyyr"/>
        <phase duration="2"  state="rrrr"/>
        <phase duration="25" state="rrrg"/>
        <phase duration="3"  state="rrry"/>
        <phase duration="2"  state="rrrr"/>
    </tlLogic>
    <tlLogic id="111830195" type="static" programID="0" offset="0">
        <phase duration="60" state="rgg"/>
        <phase duration="3"  state="ryy"/>
        <phase duration="2"  state="rrr"/>
        <phase duration="20" state="grr"/>
        <phase duration="3"  state="yrr"/>
        <phase duration="2"  state="rrr"/>
    </tlLogic>
    <tlLogic id="112675715" type="static" programID="0" offset="0">
        <phase duration="82" state="GGGG"/>
        <phase duration="3"  state="yyyy"/>
        <phase duration="5"  state="rrrr"/>
    </tlLogic>
    <tlLogic id="112677103" type="static" programID="0" offset="3">
        <phase duration="70" state="GGG"/>
        <phase duration="3"  state="yyy"/>
        <phase duration="17" state="rrr"/>
    </tlLogic>
    <tlLogic id="112677104" type="static" programID="0" offset="0">
        <phase duration="70" state="GGG"/>
        <phase duration="3"  state="yyy"/>
        <phase duration="17" state="rrr"/>
    </tlLogic>
    <tlLogic id="1143317472" type="static" programID="0" offset="0">
        <phase duration="60" state="ggg"/>
        <phase duration="3"  state="yyy"/>
        <phase duration="27" state="rrr"/>
    </tlLogic>
    <tlLogic id="1202110494" type="static" programID="0" offset="0">
        <phase duration="56" state="GgrrGG"/>
        <phase duration="3"  state="yyrryy"/>
        <phase duration="2"  state="rrrrrr"/>
        <phase duration="24" state="rrGGGr"/>
        <phase duration="3"  state="rryyyr"/>
        <phase duration="2"  state="rrrrrr"/>
    </tlLogic>
    <tlLogic id="1209790951" type="static" programID="0" offset="0">
        <phase duration="52" state="GGr"/>
        <phase duration="3"  state="yyr"/>
        <phase duration="2"  state="rrr"/>
        <phase duration="28" state="rrg"/>
        <phase duration="3"  state="rry"/>
        <phase duration="2"  state="rrr"/>
    </tlLogic>
    <tlLogic id="122439068" type="static" programID="0" offset="0">
        <phase duration="44" state="rrrrggggg"/>
        <phase duration="3"  state="rrrryyyyy"/>
        <phase duration="2"  state="rrrrrrrrr"/>
        <phase duration="36" state="ggggrrrrr"/>
        <phase duration="3"  state="yyyyrrrrr"/>
        <phase duration="2"  state="rrrrrrrrr"/>
    </tlLogic>
    <tlLogic id="122439070" type="static" programID="0" offset="0">
        <phase duration="70" state="GG"/>
        <phase duration="3"  state="yy"/>
        <phase duration="17" state="rr"/>
    </tlLogic>
    <tlLogic id="122452412" type="static" programID="0" offset="0">
        <phase duration="32" state="GGGrrrr"/>
        <phase duration="3"  state="yyyrrrr"/>
        <phase duration="2"  state="rrrrrrr"/>
        <phase duration="48" state="rrrgggg"/>
        <phase duration="3"  state="rrryyyy"/>
        <phase duration="2"  state="rrrrrrr"/>
    </tlLogic>
    <tlLogic id="122452414" type="static" programID="0" offset="0">
        <phase duration="32" state="GGrrrrrGg"/>
        <phase duration="3"  state="yyrrrrryy"/>
        <phase duration="2"  state="rrrrrrrrr"/>
        <phase duration="48" state="rrgggggrr"/>
        <phase duration="3"  state="rryyyyyrr"/>
        <phase duration="2"  state="rrrrrrrrr"/>
    </tlLogic>
    <tlLogic id="122452424" type="static" programID="0" offset="0">
        <phase duration="32" state="rrrGG"/>
        <phase duration="3"  state="rrryy"/>
        <phase duration="2"  state="rrrrr"/>
        <phase duration="48" state="gggrr"/>
        <phase duration="3"  state="yyyrr"/>
        <phase duration="2"  state="rrrrr"/>
    </tlLogic>
    <tlLogic id="122452425" type="static" programID="0" offset="0">
        <phase duration="38" state="GGGrrr"/>
        <phase duration="3"  state="yyyrrr"/>
        <phase duration="2"  state="rrrrrr"/>
        <phase duration="42" state="rrrggg"/>
        <phase duration="3"  state="rrryyy"/>
        <phase duration="2"  state="rrrrrr"/>
    </tlLogic>
    <tlLogic id="122452427" type="static" programID="0" offset="0">
        <phase duration="38" state="GGrrrrGg"/>
        <phase duration="3"  state="yyrrrryy"/>
        <phase duration="2"  state="rrrrrrrr"/>
        <phase duration="42" state="rrggggrr"/>
        <phase duration="3"  state="rryyyyrr"/>
        <phase duration="2"  state="rrrrrrrr"/>
    </tlLogic>
    <tlLogic id="122452434" type="static" programID="0" offset="0">
        <phase duration="38" state="ggrrrrrggg"/>
        <phase duration="3"  state="yyrrrrryyy"/>
        <phase duration="2"  state="rrrrrrrrrr"/>
        <phase duration="42" state="rrgggggrrr"/>
        <phase duration="3"  state="rryyyyyrrr"/>
        <phase duration="2"  state="rrrrrrrrrr"/>
    </tlLogic>
    <tlLogic id="122480050" type="static" programID="0" offset="0">
        <phase duration="50" state="GGGG"/>
        <phase duration="3"  state="yyyy"/>
        <phase duration="37" state="rrrr"/>
    </tlLogic>
    <tlLogic id="1225943158" type="static" programID="0" offset="0">
        <phase duration="50" state="rrgrg"/>
        <phase duration="3"  state="rryry"/>
        <phase duration="2"  state="rrrrr"/>
        <phase duration="30" state="ggrrr"/>
        <phase duration="3"  state="yyrrr"/>
        <phase duration="2"  state="rrrrr"/>
    </tlLogic>
    <tlLogic id="1239645074" type="static" programID="0" offset="0">
        <phase duration="60" state="GG"/>
        <phase duration="3"  state="yy"/>
        <phase duration="27" state="rr"/>
    </tlLogic>
    <tlLogic id="1239645077" type="static" programID="0" offset="0">
        <phase duration="65" state="rr"/>
        <phase duration="22" state="gg"/>
        <phase duration="3"  state="yy"/>
    </tlLogic>
    <tlLogic id="1239645082" type="static" programID="0" offset="0">
        <phase duration="60" state="GGG"/>
        <phase duration="3"  state="yyy"/>
        <phase duration="27" state="rrr"/>
    </tlLogic>
    <tlLogic id="1264279295" type="static" programID="0" offset="0">
        <phase duration="60" state="GG"/>
        <phase duration="3"  state="yy"/>
        <phase duration="27" state="rr"/>
    </tlLogic>
    <tlLogic id="1264279315" type="static" programID="0" offset="0">
        <phase duration="60" state="GG"/>
        <phase duration="3"  state="yy"/>
        <phase duration="27" state="rr"/>
    </tlLogic>
    <tlLogic id="1264279362" type="static" programID="0" offset="0">
        <phase duration="42" state="rGGG"/>
        <phase duration="3"  state="ryyy"/>
        <phase duration="42" state="GGrr"/>
        <phase duration="3"  state="yyrr"/>
    </tlLogic>
    <tlLogic id="1264279419" type="static" programID="0" offset="0">
        <phase duration="60" state="GG"/>
        <phase duration="3"  state="yy"/>
        <phase duration="27" state="rr"/>
    </tlLogic>
    <tlLogic id="1264279438" type="static" programID="0" offset="0">
        <phase duration="60" state="GG"/>
        <phase duration="3"  state="yy"/>
        <phase duration="27" state="rr"/>
    </tlLogic>
    <tlLogic id="1264279444" type="static" programID="0" offset="0">
        <phase duration="60" state="GGGrr"/>
        <phase duration="3"  state="yyyrr"/>
        <phase duration="2"  state="rrrrr"/>
        <phase duration="22" state="rrrgg"/>
        <phase duration="3"  state="rrryy"/>
        <phase duration="2"  state="rrrrr"/>
    </tlLogic>
    <tlLogic id="126597343" type="static" programID="0" offset="0">
        <phase duration="70" state="GGGG"/>
        <phase duration="3"  state="yyyy"/>
        <phase duration="17" state="rrrr"/>
    </tlLogic>
    <tlLogic id="126598827" type="static" programID="0" offset="0">
        <phase duration="44" state="ggggrrrr"/>
        <phase duration="3"  state="yyyyrrrr"/>
        <phase duration="2"  state="rrrrrrrr"/>
        <phase duration="36" state="rrrrGGGG"/>
        <phase duration="3"  state="rrrryyyy"/>
        <phase duration="2"  state="rrrrrrrr"/>
    </tlLogic>
    <tlLogic id="126600950" type="static" programID="0" offset="0">
        <phase duration="44" state="ggrrrrrggr"/>
        <phase duration="3"  state="yyrrrrryyr"/>
        <phase duration="2"  state="rrrrrrrrrr"/>
        <phase duration="36" state="rrgggggrrg"/>
        <phase duration="3"  state="rryyyyyrry"/>
        <phase duration="2"  state="rrrrrrrrrr"/>
    </tlLogic>
    <tlLogic id="126600959" type="static" programID="1" offset="0">
        <phase duration="38" state="GgGGrrrr"/>
        <phase duration="3"  state="yyyyrrrr"/>
        <phase duration="2"  state="rrrrrrrr"/>
        <phase duration="42" state="rrrrgggg"/>
        <phase duration="3"  state="rrrryyyy"/>
        <phase duration="2"  state="rrrrrrrr"/>
    </tlLogic>
    <tlLogic id="126604785" type="static" programID="0" offset="0">
        <phase duration="44" state="rrgggg"/>
        <phase duration="3"  state="rryyyy"/>
        <phase duration="2"  state="rrrrrr"/>
        <phase duration="36" state="ggrrrr"/>
        <phase duration="3"  state="yyrrrr"/>
        <phase duration="2"  state="rrrrrr"/>
    </tlLogic>
    <tlLogic id="126604789" type="static" programID="0" offset="0">
        <phase duration="31" state="rrrgggrrrggg"/>
        <phase duration="3"  state="rrryyyrrryyy"/>
        <phase duration="2"  state="rrrrrrrrrrrr"/>
        <phase duration="22" state="gggrrrrrrrrr"/>
        <phase duration="3"  state="yyyrrrrrrrrr"/>
        <phase duration="2"  state="rrrrrrrrrrrr"/>
        <phase duration="22" state="rrrrrrgggrrr"/>
        <phase duration="3"  state="rrrrrryyyrrr"/>
        <phase duration="2"  state="rrrrrrrrrrrr"/>
    </tlLogic>
    <tlLogic id="126617351" type="static" programID="0" offset="0">
        <phase duration="30" state="GGGrr"/>
        <phase duration="3"  state="yyyrr"/>
        <phase duration="2"  state="rrrrr"/>
        <phase duration="50" state="rrrgg"/>
        <phase duration="3"  state="rrryy"/>
        <phase duration="2"  state="rrrrr"/>
    </tlLogic>
    <tlLogic id="126617354" type="static" programID="0" offset="0">
        <phase duration="32" state="GgGGrrrr"/>
        <phase duration="3"  state="yyyyrrrr"/>
        <phase duration="2"  state="rrrrrrrr"/>
        <phase duration="48" state="rrrrgggg"/>
        <phase duration="3"  state="rrrryyyy"/>
        <phase duration="2"  state="rrrrrrrr"/>
    </tlLogic>
    <tlLogic id="126617427" type="static" programID="1" offset="0">
        <phase duration="62" state="GGG"/>
        <phase duration="3"  state="yyy"/>
        <phase duration="25" state="rrr"/>
    </tlLogic>
    <tlLogic id="126617428" type="static" programID="0" offset="0">
        <phase duration="38" state="GgGGrrrrr"/>
        <phase duration="3"  state="yyyyrrrrr"/>
        <phase duration="2"  state="rrrrrrrrr"/>
        <phase duration="42" state="rrrrggggg"/>
        <phase duration="3"  state="rrrryyyyy"/>
        <phase duration="2"  state="rrrrrrrrr"/>
    </tlLogic>
    <tlLogic id="126617430" type="static" programID="0" offset="0">
        <phase duration="38" state="ggggrrrr"/>
        <phase duration="3"  state="yyyyrrrr"/>
        <phase duration="2"  state="rrrrrrrr"/>
        <phase duration="42" state="rrrrgggg"/>
        <phase duration="3"  state="rrrryyyy"/>
        <phase duration="2"  state="rrrrrrrr"/>
    </tlLogic>
    <tlLogic id="126617431" type="static" programID="0" offset="0">
        <phase duration="30" state="GGrrrr"/>
        <phase duration="3"  state="yyrrrr"/>
        <phase duration="2"  state="rrrrrr"/>
        <phase duration="50" state="rrgggg"/>
        <phase duration="3"  state="rryyyy"/>
        <phase duration="2"  state="rrrrrr"/>
    </tlLogic>
    <tlLogic id="126617433" type="static" programID="0" offset="0">
        <phase duration="30" state="Grrrr"/>
        <phase duration="3"  state="yrrrr"/>
        <phase duration="2"  state="rrrrr"/>
        <phase duration="50" state="rgggg"/>
        <phase duration="3"  state="ryyyy"/>
        <phase duration="2"  state="rrrrr"/>
    </tlLogic>
    <tlLogic id="126634476" type="static" programID="0" offset="0">
        <phase duration="32" state="rrrGGG"/>
        <phase duration="3"  state="rrryyy"/>
        <phase duration="18" state="rrrrrr"/>
        <phase duration="32" state="gggrrr"/>
        <phase duration="3"  state="yyyrrr"/>
        <phase duration="2"  state="rrrrrr"/>
    </tlLogic>
    <tlLogic id="126638962" type="static" programID="0" offset="0">
        <phase duration="63" state="GGGG"/>
        <phase duration="3"  state="gyyy"/>
        <phase duration="24" state="grrr"/>
    </tlLogic>
    <tlLogic id="126646458" type="static" programID="0" offset="0">
        <phase duration="42" state="GGG"/>
        <phase duration="3"  state="yyy"/>
        <phase duration="45" state="rrr"/>
    </tlLogic>
    <tlLogic id="1278184350" type="static" programID="0" offset="0">
        <phase duration="42" state="Grr"/>
        <phase duration="3"  state="yrr"/>
        <phase duration="42" state="rGG"/>
        <phase duration="3"  state="ryy"/>
    </tlLogic>
    <tlLogic id="128560446" type="static" programID="0" offset="0">
        <phase duration="55" state="GgGg"/>
        <phase duration="3"  state="yyyy"/>
        <phase duration="32" state="rrrr"/>
    </tlLogic>
    <tlLogic id="128566335" type="static" programID="0" offset="0">
        <phase duration="55" state="ggggrr"/>
        <phase duration="3"  state="yyyyrr"/>
        <phase duration="2"  state="rrrrrr"/>
        <phase duration="25" state="rrrrgg"/>
        <phase duration="3"  state="rrrryy"/>
        <phase duration="2"  state="rrrrrr"/>
    </tlLogic>
    <tlLogic id="128578706" type="static" programID="0" offset="0">
        <phase duration="50" state="rr"/>
        <phase duration="3"  state="yy"/>
        <phase duration="2"  state="rr"/>
        <phase duration="32" state="gg"/>
        <phase duration="3"  state="yy"/>
    </tlLogic>
    <tlLogic id="128597080" type="static" programID="0" offset="0">
        <phase duration="45" state="ggggggg"/>
        <phase duration="3"  state="yyyyygg"/>
        <phase duration="42" state="rrrrrgg"/>
    </tlLogic>
    <tlLogic id="128673222" type="static" programID="0" offset="0">
        <phase duration="55" state="GGrrrGG"/>
        <phase duration="3"  state="yyrrryy"/>
        <phase duration="2"  state="rrrrrrr"/>
        <phase duration="25" state="rrgggrr"/>
        <phase duration="3"  state="rryyyrr"/>
        <phase duration="2"  state="rrrrrrr"/>
    </tlLogic>
    <tlLogic id="128673223" type="static" programID="0" offset="0">
        <phase duration="62" state="gggggrrr"/>
        <phase duration="3"  state="yyyyyrrr"/>
        <phase duration="2"  state="rrrrrrrr"/>
        <phase duration="18" state="rrrrrggg"/>
        <phase duration="3"  state="rrrrryyy"/>
        <phase duration="2"  state="rrrrrrrr"/>
    </tlLogic>
    <tlLogic id="128674452" type="static" programID="0" offset="0">
        <phase duration="2"  state="rrrrrrrrgg"/>
        <phase duration="64" state="ggggrrrrgg"/>
        <phase duration="3"  state="yyyyrrrryy"/>
        <phase duration="2"  state="rrrrrrrrrr"/>
        <phase duration="16" state="rrrrggggrr"/>
        <phase duration="3"  state="rrrryyyyrr"/>
    </tlLogic>
    <tlLogic id="128676154" type="static" programID="0" offset="0">
        <phase duration="65" state="gggggr"/>
        <phase duration="3"  state="yyyyyr"/>
        <phase duration="2"  state="rrrrrr"/>
        <phase duration="15" state="rrrrrg"/>
        <phase duration="3"  state="rrrrry"/>
        <phase duration="2"  state="rrrrrr"/>
    </tlLogic>
    <tlLogic id="128677724" type="static" programID="0" offset="0">
        <phase duration="67" state="GGGGG"/>
        <phase duration="3"  state="gyyyy"/>
        <phase duration="20" state="grrrr"/>
    </tlLogic>
    <tlLogic id="128679581" type="static" programID="0" offset="0">
        <phase duration="39" state="GGGgGGrr"/>
        <phase duration="6"  state="yyyyyyrr"/>
        <phase duration="39" state="rrrrGGGG"/>
        <phase duration="6"  state="rrrryyyy"/>
    </tlLogic>
    <tlLogic id="128680158" type="static" programID="0" offset="0">
        <phase duration="39" state="GGGrr"/>
        <phase duration="6"  state="yyyrr"/>
        <phase duration="39" state="rrrGG"/>
        <phase duration="6"  state="rrryy"/>
    </tlLogic>
    <tlLogic id="129544876" type="static" programID="0" offset="0">
        <phase duration="79" state="GGG"/>
        <phase duration="6"  state="yyy"/>
        <phase duration="5"  state="rrr"/>
    </tlLogic>
    <tlLogic id="129548927" type="static" programID="0" offset="0">
        <phase duration="52" state="gggrrr"/>
        <phase duration="3"  state="yyyrrr"/>
        <phase duration="2"  state="rrrrrr"/>
        <phase duration="28" state="rrrggg"/>
        <phase duration="3"  state="rrryyy"/>
        <phase duration="2"  state="rrrrrr"/>
    </tlLogic>
    <tlLogic id="129548929" type="static" programID="0" offset="0">
        <phase duration="52" state="gg"/>
        <phase duration="3"  state="yy"/>
        <phase duration="35" state="rr"/>
    </tlLogic>
    <tlLogic id="129548930" type="static" programID="0" offset="0">
        <phase duration="62" state="ggggrrr"/>
        <phase duration="3"  state="yyyyrrr"/>
        <phase duration="2"  state="rrrrrrr"/>
        <phase duration="18" state="rrrrggg"/>
        <phase duration="3"  state="rrrryyy"/>
        <phase duration="2"  state="rrrrrrr"/>
    </tlLogic>
    <tlLogic id="129553665" type="static" programID="0" offset="0">
        <phase duration="80" state="G"/>
        <phase duration="5"  state="y"/>
        <phase duration="5"  state="r"/>
    </tlLogic>
    <tlLogic id="129553667" type="static" programID="0" offset="0">
        <phase duration="82" state="G"/>
        <phase duration="3"  state="y"/>
        <phase duration="5"  state="r"/>
    </tlLogic>
    <tlLogic id="129553875" type="static" programID="0" offset="0">
        <phase duration="39" state="rrrgg"/>
        <phase duration="3"  state="rrryy"/>
        <phase duration="2"  state="rrrrr"/>
        <phase duration="41" state="gggrr"/>
        <phase duration="3"  state="yyyrr"/>
        <phase duration="2"  state="rrrrr"/>
    </tlLogic>
    <tlLogic id="129554083" type="static" programID="0" offset="0">
        <phase duration="37" state="rg"/>
        <phase duration="3"  state="ry"/>
        <phase duration="2"  state="rr"/>
        <phase duration="43" state="gr"/>
        <phase duration="3"  state="yr"/>
        <phase duration="2"  state="rr"/>
    </tlLogic>
    <tlLogic id="129555296" type="static" programID="0" offset="0">
        <phase duration="36" state="ggrrr"/>
        <phase duration="3"  state="yyrrr"/>
        <phase duration="2"  state="rrrrr"/>
        <phase duration="44" state="rrggg"/>
        <phase duration="3"  state="rryyy"/>
        <phase duration="2"  state="rrrrr"/>
    </tlLogic>
    <tlLogic id="129558556" type="static" programID="0" offset="0">
        <phase duration="79" state="GGG"/>
        <phase duration="6"  state="yyy"/>
        <phase duration="5"  state="rrr"/>
    </tlLogic>
    <tlLogic id="129784803" type="static" programID="0" offset="0">
        <phase duration="75" state="G"/>
        <phase duration="3"  state="y"/>
        <phase duration="12" state="r"/>
    </tlLogic>
    <tlLogic id="129953504" type="static" programID="0" offset="0">
        <phase duration="47" state="GGGrr"/>
        <phase duration="3"  state="yyyrr"/>
        <phase duration="2"  state="rrrrr"/>
        <phase duration="33" state="rrrgg"/>
        <phase duration="3"  state="rrryy"/>
        <phase duration="2"  state="rrrrr"/>
    </tlLogic>
    <tlLogic id="129953505" type="static" programID="0" offset="0">
        <phase duration="47" state="GGGrr"/>
        <phase duration="3"  state="yyyrr"/>
        <phase duration="2"  state="rrrrr"/>
        <phase duration="33" state="rrrgg"/>
        <phase duration="3"  state="rrryy"/>
        <phase duration="2"  state="rrrrr"/>
    </tlLogic>
    <tlLogic id="130075590" type="static" programID="0" offset="0">
        <phase duration="58" state="GGr"/>
        <phase duration="3"  state="yyr"/>
        <phase duration="2"  state="rrr"/>
        <phase duration="22" state="rrg"/>
        <phase duration="3"  state="rry"/>
        <phase duration="2"  state="rrr"/>
    </tlLogic>
    <tlLogic id="1334148416" type="static" programID="0" offset="0">
        <phase duration="67" state="G"/>
        <phase duration="3"  state="y"/>
        <phase duration="20" state="r"/>
    </tlLogic>
    <tlLogic id="1352647002" type="static" programID="0" offset="0">
        <phase duration="78" state="GGG"/>
        <phase duration="3"  state="yyy"/>
        <phase duration="11" state="rrr"/>
    </tlLogic>
    <tlLogic id="1352647052" type="static" programID="0" offset="0">
        <phase duration="50" state="GG"/>
        <phase duration="3"  state="yy"/>
        <phase duration="37" state="rr"/>
    </tlLogic>
    <tlLogic id="1352663628" type="static" programID="0" offset="0">
        <phase duration="76" state="GGG"/>
        <phase duration="3"  state="ggy"/>
        <phase duration="11" state="ggr"/>
    </tlLogic>
    <tlLogic id="1352663653" type="static" programID="0" offset="0">
        <phase duration="62" state="GGr"/>
        <phase duration="3"  state="yyr"/>
        <phase duration="25" state="rrr"/>
    </tlLogic>
    <tlLogic id="137831888" type="static" programID="0" offset="0">
        <phase duration="80" state="GG"/>
        <phase duration="5"  state="yy"/>
        <phase duration="5"  state="rr"/>
    </tlLogic>
    <tlLogic id="137868887" type="static" programID="0" offset="0">
        <phase duration="55" state="gggggggrrr"/>
        <phase duration="3"  state="yyyyyyyrrr"/>
        <phase duration="2"  state="rrrrrrrrrr"/>
        <phase duration="25" state="rrrrrrrggg"/>
        <phase duration="3"  state="rrrrrrryyy"/>
        <phase duration="2"  state="rrrrrrrrrr"/>
    </tlLogic>
    <tlLogic id="137881583" type="static" programID="0" offset="0">
        <phase duration="47" state="rr"/>
        <phase duration="37" state="gg"/>
        <phase duration="3"  state="yy"/>
        <phase duration="3"  state="rr"/>
    </tlLogic>
    <tlLogic id="137882131" type="static" programID="0" offset="0">
        <phase duration="45" state="ggrggr"/>
        <phase duration="3"  state="yyryyr"/>
        <phase duration="2"  state="rrrrrr"/>
        <phase duration="32" state="rrgrrg"/>
        <phase duration="3"  state="rryrry"/>
        <phase duration="5"  state="rrrrrr"/>
    </tlLogic>
    <tlLogic id="137884299" type="static" programID="0" offset="0">
        <phase duration="42" state="grrrrgg"/>
        <phase duration="3"  state="yrrrryy"/>
        <phase duration="2"  state="rrrrrrr"/>
        <phase duration="37" state="rggggrr"/>
        <phase duration="3"  state="ryyyyrr"/>
        <phase duration="3"  state="rrrrrrr"/>
    </tlLogic>
    <tlLogic id="137888646" type="static" programID="0" offset="0">
        <phase duration="60" state="ggg"/>
        <phase duration="3"  state="yyy"/>
        <phase duration="27" state="rrr"/>
    </tlLogic>
    <tlLogic id="137896693" type="static" programID="0" offset="0">
        <phase duration="60" state="gggrrr"/>
        <phase duration="3"  state="yyyrrr"/>
        <phase duration="2"  state="rrrrrr"/>
        <phase duration="20" state="rrrggg"/>
        <phase duration="3"  state="rrryyy"/>
        <phase duration="2"  state="rrrrrr"/>
    </tlLogic>
    <tlLogic id="137896694" type="static" programID="0" offset="0">
        <phase duration="60" state="ggg"/>
        <phase duration="3"  state="yyy"/>
        <phase duration="27" state="rrr"/>
    </tlLogic>
    <tlLogic id="137896696" type="static" programID="0" offset="0">
        <phase duration="42" state="GGGrr"/>
        <phase duration="3"  state="yyyrr"/>
        <phase duration="42" state="rrrGG"/>
        <phase duration="3"  state="rrryy"/>
    </tlLogic>
    <tlLogic id="137901873" type="static" programID="0" offset="0">
        <phase duration="40" state="GGGrrr"/>
        <phase duration="3"  state="yyyrrr"/>
        <phase duration="2"  state="rrrrrr"/>
        <phase duration="22" state="rrrggg"/>
        <phase duration="3"  state="rrryyy"/>
        <phase duration="20" state="rrrrrr"/>
    </tlLogic>
    <tlLogic id="137901874" type="static" programID="0" offset="0">
        <phase duration="36" state="GGG"/>
        <phase duration="3"  state="yyy"/>
        <phase duration="51" state="rrr"/>
    </tlLogic>
    <tlLogic id="137964116" type="static" programID="0" offset="0">
        <phase duration="16" state="ggggg"/>
        <phase duration="3"  state="gyygg"/>
        <phase duration="53" state="grrgg"/>
        <phase duration="18" state="ggggg"/>
    </tlLogic>
    <tlLogic id="137982073" type="static" programID="0" offset="0">
        <phase duration="47" state="rrrggg"/>
        <phase duration="3"  state="rrryyy"/>
        <phase duration="2"  state="rrrrrr"/>
        <phase duration="33" state="rrrGGG"/>
        <phase duration="3"  state="rrryyy"/>
        <phase duration="2"  state="rrrrrr"/>
    </tlLogic>
    <tlLogic id="137992807" type="static" programID="0" offset="0">
        <phase duration="62" state="rrrgggg"/>
        <phase duration="3"  state="rrryyyy"/>
        <phase duration="2"  state="rrrrrrr"/>
        <phase duration="18" state="gggrrrr"/>
        <phase duration="3"  state="yyyrrrr"/>
        <phase duration="2"  state="rrrrrrr"/>
    </tlLogic>
    <tlLogic id="137992808" type="static" programID="0" offset="0">
        <phase duration="52" state="ggrr"/>
        <phase duration="3"  state="yyrr"/>
        <phase duration="2"  state="rrrr"/>
        <phase duration="28" state="rrgg"/>
        <phase duration="3"  state="rryy"/>
        <phase duration="2"  state="rrrr"/>
    </tlLogic>
    <tlLogic id="138196470" type="static" programID="0" offset="0">
        <phase duration="63" state="gggg"/>
        <phase duration="3"  state="gyyy"/>
        <phase duration="24" state="grrr"/>
    </tlLogic>
    <tlLogic id="138205498" type="static" programID="0" offset="0">
        <phase duration="70" state="ggg"/>
        <phase duration="3"  state="yyg"/>
        <phase duration="12" state="rrg"/>
        <phase duration="3"  state="rry"/>
        <phase duration="2"  state="rrr"/>
    </tlLogic>
    <tlLogic id="138214591" type="static" programID="0" offset="0">
        <phase duration="60" state="GG"/>
        <phase duration="3"  state="yy"/>
        <phase duration="27" state="rr"/>
    </tlLogic>
    <tlLogic id="138218140" type="static" programID="0" offset="0">
        <phase duration="82" state="G"/>
        <phase duration="3"  state="y"/>
        <phase duration="5"  state="r"/>
    </tlLogic>
    <tlLogic id="138230335" type="static" programID="0" offset="0">
        <phase duration="60" state="ggggg"/>
        <phase duration="3"  state="yyyyy"/>
        <phase duration="27" state="rrrrr"/>
    </tlLogic>
    <tlLogic id="138234198" type="static" programID="0" offset="0">
        <phase duration="60" state="rrrggg"/>
        <phase duration="3"  state="rrryyy"/>
        <phase duration="2"  state="rrrrrr"/>
        <phase duration="20" state="gggrrr"/>
        <phase duration="3"  state="yyyrrr"/>
        <phase duration="2"  state="rrrrrr"/>
    </tlLogic>
    <tlLogic id="138234852" type="static" programID="0" offset="0">
        <phase duration="40" state="GgrrGGg"/>
        <phase duration="5"  state="yyrryyy"/>
        <phase duration="40" state="rrGGrrr"/>
        <phase duration="5"  state="rryyrrr"/>
    </tlLogic>
    <tlLogic id="138235495" type="static" programID="0" offset="0">
        <phase duration="82" state="GG"/>
        <phase duration="3"  state="yy"/>
        <phase duration="5"  state="rr"/>
    </tlLogic>
    <tlLogic id="138246606" type="static" programID="0" offset="0">
        <phase duration="43" state="GG"/>
        <phase duration="3"  state="yy"/>
        <phase duration="42" state="rr"/>
    </tlLogic>
    <tlLogic id="1386051849" type="static" programID="0" offset="0">
        <phase duration="60" state="ggg"/>
        <phase duration="3"  state="yyy"/>
        <phase duration="27" state="rrr"/>
    </tlLogic>
    <tlLogic id="1386063711" type="static" programID="0" offset="0">
        <phase duration="79" state="GG"/>
        <phase duration="6"  state="yy"/>
        <phase duration="5"  state="rr"/>
    </tlLogic>
    <tlLogic id="1417675671" type="static" programID="0" offset="0">
        <phase duration="47" state="rrGGG"/>
        <phase duration="3"  state="rryyy"/>
        <phase duration="2"  state="rrrrr"/>
        <phase duration="33" state="ggrrr"/>
        <phase duration="3"  state="yyrrr"/>
        <phase duration="2"  state="rrrrr"/>
    </tlLogic>
    <tlLogic id="1417675673" type="static" programID="0" offset="0">
        <phase duration="47" state="rrGGGrr"/>
        <phase duration="3"  state="rryyyrr"/>
        <phase duration="2"  state="rrrrrrr"/>
        <phase duration="33" state="ggrrrgg"/>
        <phase duration="3"  state="yyrrryy"/>
        <phase duration="2"  state="rrrrrrr"/>
    </tlLogic>
    <tlLogic id="1417693657" type="static" programID="0" offset="0">
        <phase duration="40" state="GG"/>
        <phase duration="3"  state="yy"/>
        <phase duration="47" state="rr"/>
    </tlLogic>
    <tlLogic id="1418798464" type="static" programID="0" offset="0">
        <phase duration="42" state="gg"/>
        <phase duration="3"  state="yg"/>
        <phase duration="43" state="rg"/>
    </tlLogic>
    <tlLogic id="1418798469" type="static" programID="0" offset="0">
        <phase duration="41" state="Gr"/>
        <phase duration="3"  state="yr"/>
        <phase duration="2"  state="rr"/>
        <phase duration="40" state="rg"/>
        <phase duration="3"  state="ry"/>
        <phase duration="2"  state="rr"/>
    </tlLogic>
    <tlLogic id="1418798470" type="static" programID="0" offset="0">
        <phase duration="47" state="rr"/>
        <phase duration="38" state="gg"/>
        <phase duration="3"  state="yy"/>
        <phase duration="2"  state="rr"/>
    </tlLogic>
    <tlLogic id="1487178614" type="static" programID="0" offset="0">
        <phase duration="60" state="GG"/>
        <phase duration="3"  state="yy"/>
        <phase duration="27" state="rr"/>
    </tlLogic>
    <tlLogic id="1554874570" type="static" programID="0" offset="0">
        <phase duration="62" state="ggr"/>
        <phase duration="3"  state="yyr"/>
        <phase duration="2"  state="rrr"/>
        <phase duration="18" state="rrg"/>
        <phase duration="3"  state="rry"/>
        <phase duration="2"  state="rrr"/>
    </tlLogic>
    <tlLogic id="1554886135" type="static" programID="0" offset="0">
        <phase duration="82" state="GG"/>
        <phase duration="3"  state="yy"/>
        <phase duration="5"  state="rr"/>
    </tlLogic>
    <tlLogic id="1554886175" type="static" programID="0" offset="0">
        <phase duration="25" state="GrrGG"/>
        <phase duration="5"  state="yrryy"/>
        <phase duration="25" state="rrGGr"/>
        <phase duration="5"  state="rryyr"/>
        <phase duration="25" state="GGrrr"/>
        <phase duration="5"  state="yyrrr"/>
    </tlLogic>
    <tlLogic id="1676280588" type="static" programID="0" offset="0">
        <phase duration="62" state="gg"/>
        <phase duration="3"  state="yy"/>
        <phase duration="25" state="rr"/>
    </tlLogic>
    <tlLogic id="1684844412" type="static" programID="0" offset="0">
        <phase duration="40" state="GGrr"/>
        <phase duration="5"  state="yyrr"/>
        <phase duration="40" state="rrGG"/>
        <phase duration="5"  state="rryy"/>
    </tlLogic>
    <tlLogic id="1684844451" type="static" programID="0" offset="0">
        <phase duration="80" state="G"/>
        <phase duration="5"  state="y"/>
        <phase duration="5"  state="r"/>
    </tlLogic>
    <tlLogic id="1684844825" type="static" programID="0" offset="0">
        <phase duration="62" state="ggg"/>
        <phase duration="3"  state="yyy"/>
        <phase duration="25" state="rrr"/>
    </tlLogic>
    <tlLogic id="1684865542" type="static" programID="0" offset="0">
        <phase duration="82" state="GgGGg"/>
        <phase duration="3"  state="yyyyy"/>
        <phase duration="5"  state="rrrrr"/>
    </tlLogic>
    <tlLogic id="1788784885" type="static" programID="0" offset="0">
        <phase duration="82" state="GG"/>
        <phase duration="3"  state="yy"/>
        <phase duration="5"  state="rr"/>
    </tlLogic>
    <tlLogic id="1788784965" type="static" programID="0" offset="0">
        <phase duration="42" state="GGrr"/>
        <phase duration="3"  state="yyrr"/>
        <phase duration="42" state="rrGG"/>
        <phase duration="3"  state="rryy"/>
    </tlLogic>
    <tlLogic id="1788785577" type="static" programID="0" offset="0">
        <phase duration="16" state="GGGrr"/>
        <phase duration="3"  state="yyyrr"/>
        <phase duration="53" state="rrrrr"/>
        <phase duration="13" state="rrrgg"/>
        <phase duration="3"  state="rrryy"/>
        <phase duration="2"  state="rrrrr"/>
    </tlLogic>
    <tlLogic id="1788785599" type="static" programID="0" offset="0">
        <phase duration="45" state="ggrrr"/>
        <phase duration="23" state="ggggg"/>
        <phase duration="3"  state="ggyyy"/>
        <phase duration="1"  state="GGrrr"/>
        <phase duration="18" state="ggrrr"/>
    </tlLogic>
    <tlLogic id="1788785622" type="static" programID="0" offset="0">
        <phase duration="67" state="GG"/>
        <phase duration="3"  state="yy"/>
        <phase duration="20" state="rr"/>
    </tlLogic>
    <tlLogic id="1788785628" type="static" programID="0" offset="0">
        <phase duration="67" state="GGG"/>
        <phase duration="3"  state="yyy"/>
        <phase duration="20" state="rrr"/>
    </tlLogic>
    <tlLogic id="1788787039" type="static" programID="0" offset="0">
        <phase duration="45" state="GGGrrr"/>
        <phase duration="3"  state="yyyrrr"/>
        <phase duration="2"  state="rrrrrr"/>
        <phase duration="35" state="rrrggg"/>
        <phase duration="3"  state="rrryyy"/>
        <phase duration="2"  state="rrrrrr"/>
    </tlLogic>
    <tlLogic id="1788787081" type="static" programID="0" offset="0">
        <phase duration="42" state="ggg"/>
        <phase duration="3"  state="ygg"/>
        <phase duration="45" state="rgg"/>
    </tlLogic>
    <tlLogic id="1788787124" type="static" programID="0" offset="0">
        <phase duration="52" state="gggg"/>
        <phase duration="3"  state="yyyy"/>
        <phase duration="35" state="rrrr"/>
    </tlLogic>
    <tlLogic id="1842003050" type="static" programID="0" offset="0">
        <phase duration="60" state="rgg"/>
        <phase duration="3"  state="ryy"/>
        <phase duration="4"  state="rrr"/>
        <phase duration="16" state="grr"/>
        <phase duration="3"  state="yrr"/>
        <phase duration="4"  state="rrr"/>
    </tlLogic>
    <tlLogic id="1842003053" type="static" programID="0" offset="0">
        <phase duration="60" state="ggg"/>
        <phase duration="3"  state="yyy"/>
        <phase duration="27" state="rrr"/>
    </tlLogic>
    <tlLogic id="1842003093" type="static" programID="0" offset="0">
        <phase duration="2"  state="rrr"/>
        <phase duration="62" state="ggg"/>
        <phase duration="3"  state="yyy"/>
    </tlLogic>
    <tlLogic id="1874214575" type="static" programID="0" offset="0">
        <phase duration="42" state="GGrrGG"/>
        <phase duration="3"  state="yyrryy"/>
        <phase duration="42" state="rrGgGG"/>
        <phase duration="3"  state="rryyyy"/>
    </tlLogic>
    <tlLogic id="1887601134" type="static" programID="0" offset="0">
        <phase duration="50" state="gggrr"/>
        <phase duration="3"  state="yyyrr"/>
        <phase duration="1"  state="rrrrr"/>
        <phase duration="31" state="rrrgg"/>
        <phase duration="3"  state="rrryy"/>
        <phase duration="2"  state="rrrrr"/>
    </tlLogic>
    <tlLogic id="2053595690" type="static" programID="0" offset="0">
        <phase duration="37" state="gggr"/>
        <phase duration="3"  state="yygr"/>
        <phase duration="2"  state="rrgr"/>
        <phase duration="20" state="rrgg"/>
        <phase duration="3"  state="rryy"/>
        <phase duration="25" state="rrrr"/>
    </tlLogic>
    <tlLogic id="2086440304" type="static" programID="0" offset="0">
        <phase duration="79" state="GG"/>
        <phase duration="6"  state="yy"/>
        <phase duration="5"  state="rr"/>
    </tlLogic>
    <tlLogic id="2094769995" type="static" programID="0" offset="0">
        <phase duration="55" state="rrrggg"/>
        <phase duration="3"  state="rrryyy"/>
        <phase duration="2"  state="rrrrrr"/>
        <phase duration="25" state="gggrrr"/>
        <phase duration="3"  state="yyyrrr"/>
        <phase duration="2"  state="rrryyy"/>
    </tlLogic>
    <tlLogic id="2109261123" type="static" programID="0" offset="0">
        <phase duration="42" state="Gr"/>
        <phase duration="3"  state="yr"/>
        <phase duration="42" state="rG"/>
        <phase duration="3"  state="ry"/>
    </tlLogic>
    <tlLogic id="2165604353" type="static" programID="0" offset="0">
        <phase duration="62" state="GGG"/>
        <phase duration="3"  state="yyy"/>
        <phase duration="25" state="rrr"/>
    </tlLogic>
    <tlLogic id="2168903802" type="static" programID="0" offset="0">
        <phase duration="45" state="G"/>
        <phase duration="3"  state="y"/>
        <phase duration="42" state="r"/>
    </tlLogic>
    <tlLogic id="2208159169" type="static" programID="0" offset="0">
        <phase duration="55" state="grr"/>
        <phase duration="20" state="ggg"/>
        <phase duration="3"  state="yyy"/>
        <phase duration="12" state="rrr"/>
    </tlLogic>
    <tlLogic id="2208686199" type="static" programID="0" offset="0">
        <phase duration="80" state="G"/>
        <phase duration="5"  state="y"/>
        <phase duration="5"  state="r"/>
    </tlLogic>
    <tlLogic id="2208686218" type="static" programID="0" offset="0">
        <phase duration="79" state="GG"/>
        <phase duration="6"  state="yy"/>
        <phase duration="5"  state="rr"/>
    </tlLogic>
    <tlLogic id="2208686220" type="static" programID="0" offset="0">
        <phase duration="82" state="GGG"/>
        <phase duration="3"  state="yyy"/>
        <phase duration="5"  state="rrr"/>
    </tlLogic>
    <tlLogic id="2208891042" type="static" programID="0" offset="0">
        <phase duration="62" state="g"/>
        <phase duration="3"  state="y"/>
        <phase duration="25" state="r"/>
    </tlLogic>
    <tlLogic id="2208891134" type="static" programID="0" offset="0">
        <phase duration="62" state="ggg"/>
        <phase duration="3"  state="yyy"/>
        <phase duration="25" state="rrr"/>
    </tlLogic>
    <tlLogic id="2213435120" type="static" programID="0" offset="0">
        <phase duration="82" state="G"/>
        <phase duration="3"  state="y"/>
        <phase duration="5"  state="r"/>
    </tlLogic>
    <tlLogic id="2213482387" type="static" programID="0" offset="0">
        <phase duration="82" state="GG"/>
        <phase duration="3"  state="yy"/>
        <phase duration="5"  state="rr"/>
    </tlLogic>
    <tlLogic id="2215508913" type="static" programID="0" offset="0">
        <phase duration="70" state="GGgGGg"/>
        <phase duration="3"  state="yyyyyy"/>
        <phase duration="17" state="rrrrrr"/>
    </tlLogic>
    <tlLogic id="2218529670" type="static" programID="0" offset="0">
        <phase duration="18" state="rrr"/>
        <phase duration="23" state="ggg"/>
        <phase duration="3"  state="ggy"/>
        <phase duration="42" state="ggr"/>
        <phase duration="3"  state="yyr"/>
    </tlLogic>
    <tlLogic id="2222393786" type="static" programID="0" offset="0">
        <phase duration="42" state="gggrr"/>
        <phase duration="3"  state="yyyrr"/>
        <phase duration="2"  state="rrrrr"/>
        <phase duration="25" state="rrrgg"/>
        <phase duration="3"  state="rrryy"/>
        <phase duration="15" state="rrrrr"/>
    </tlLogic>
    <tlLogic id="2245520803" type="static" programID="0" offset="0">
        <phase duration="82" state="GGGGG"/>
        <phase duration="3"  state="yyyyy"/>
        <phase duration="5"  state="rrrrr"/>
    </tlLogic>
    <tlLogic id="2245520808" type="static" programID="0" offset="0">
        <phase duration="82" state="GGG"/>
        <phase duration="3"  state="yyy"/>
        <phase duration="5"  state="rrr"/>
    </tlLogic>
    <tlLogic id="2245520901" type="static" programID="0" offset="0">
        <phase duration="82" state="GGG"/>
        <phase duration="3"  state="yyy"/>
        <phase duration="5"  state="rrr"/>
    </tlLogic>
    <tlLogic id="2245520913" type="static" programID="0" offset="0">
        <phase duration="79" state="GGG"/>
        <phase duration="6"  state="yyy"/>
        <phase duration="5"  state="rrr"/>
    </tlLogic>
    <tlLogic id="2245786941" type="static" programID="0" offset="0">
        <phase duration="82" state="GGGGG"/>
        <phase duration="3"  state="yyyyy"/>
        <phase duration="5"  state="rrrrr"/>
    </tlLogic>
    <tlLogic id="2246086928" type="static" programID="0" offset="0">
        <phase duration="64" state="rr"/>
        <phase duration="21" state="gg"/>
        <phase duration="3"  state="yy"/>
        <phase duration="2"  state="rr"/>
    </tlLogic>
    <tlLogic id="2246296620" type="static" programID="0" offset="0">
        <phase duration="82" state="GG"/>
        <phase duration="3"  state="yy"/>
        <phase duration="5"  state="rr"/>
    </tlLogic>
    <tlLogic id="2247054918" type="static" programID="0" offset="0">
        <phase duration="40" state="rGG"/>
        <phase duration="5"  state="ryy"/>
        <phase duration="40" state="Grr"/>
        <phase duration="5"  state="yrr"/>
    </tlLogic>
    <tlLogic id="2247054935" type="static" programID="0" offset="0">
        <phase duration="80" state="G"/>
        <phase duration="5"  state="y"/>
        <phase duration="5"  state="r"/>
    </tlLogic>
    <tlLogic id="2247371503" type="static" programID="0" offset="0">
        <phase duration="80" state="GGG"/>
        <phase duration="5"  state="yyy"/>
        <phase duration="5"  state="rrr"/>
    </tlLogic>
    <tlLogic id="2247375546" type="static" programID="0" offset="0">
        <phase duration="82" state="GgGg"/>
        <phase duration="3"  state="yyyy"/>
        <phase duration="5"  state="rrrr"/>
    </tlLogic>
    <tlLogic id="2250873416" type="static" programID="0" offset="0">
        <phase duration="47" state="GGG"/>
        <phase duration="3"  state="yyy"/>
        <phase duration="40" state="rrr"/>
    </tlLogic>
    <tlLogic id="2262128243" type="static" programID="0" offset="0">
        <phase duration="45" state="ggrr"/>
        <phase duration="3"  state="yyrr"/>
        <phase duration="2"  state="rrrr"/>
        <phase duration="35" state="rrgg"/>
        <phase duration="3"  state="rryy"/>
        <phase duration="2"  state="rrrr"/>
    </tlLogic>
    <tlLogic id="2307219720" type="static" programID="0" offset="0">
        <phase duration="40" state="ggrr"/>
        <phase duration="3"  state="yyrr"/>
        <phase duration="2"  state="rrrr"/>
        <phase duration="22" state="rrgg"/>
        <phase duration="3"  state="rryy"/>
        <phase duration="20" state="rrrr"/>
    </tlLogic>
    <tlLogic id="2307219747" type="static" programID="0" offset="0">
        <phase duration="40" state="gggr"/>
        <phase duration="3"  state="yggr"/>
        <phase duration="2"  state="rggr"/>
        <phase duration="23" state="rggg"/>
        <phase duration="3"  state="ryyy"/>
        <phase duration="20" state="rrrr"/>
    </tlLogic>
    <tlLogic id="2308862124" type="static" programID="0" offset="0">
        <phase duration="40" state="rr"/>
        <phase duration="27" state="gg"/>
        <phase duration="3"  state="yy"/>
        <phase duration="19" state="rr"/>
    </tlLogic>
    <tlLogic id="2308862137" type="static" programID="0" offset="0">
        <phase duration="72" state="rr"/>
        <phase duration="14" state="gg"/>
        <phase duration="3"  state="yy"/>
        <phase duration="1"  state="rr"/>
    </tlLogic>
    <tlLogic id="2352603829" type="static" programID="0" offset="0">
        <phase duration="42" state="GggGGGgrrr"/>
        <phase duration="3"  state="yyyyyyyrrr"/>
        <phase duration="42" state="rrrrrrrGGG"/>
        <phase duration="3"  state="rrrrrrryyy"/>
    </tlLogic>
    <tlLogic id="2356731134" type="static" programID="0" offset="0">
        <phase duration="55" state="ggg"/>
        <phase duration="3"  state="yyy"/>
        <phase duration="32" state="rrr"/>
    </tlLogic>
    <tlLogic id="2363578528" type="static" programID="0" offset="0">
        <phase duration="28" state="GGGrrr"/>
        <phase duration="3"  state="yyyrrr"/>
        <phase duration="2"  state="rrrrrr"/>
        <phase duration="52" state="rrrggg"/>
        <phase duration="3"  state="rrryyy"/>
        <phase duration="2"  state="rrrrrr"/>
    </tlLogic>
    <tlLogic id="2363578530" type="static" programID="0" offset="0">
        <phase duration="32" state="GGrr"/>
        <phase duration="3"  state="yyrr"/>
        <phase duration="2"  state="rrrr"/>
        <phase duration="48" state="rrgg"/>
        <phase duration="3"  state="rryy"/>
        <phase duration="2"  state="rrrr"/>
    </tlLogic>
    <tlLogic id="2378366854" type="static" programID="0" offset="0">
        <phase duration="66" state="r"/>
        <phase duration="21" state="g"/>
        <phase duration="3"  state="y"/>
    </tlLogic>
    <tlLogic id="2378366860" type="static" programID="0" offset="0">
        <phase duration="62" state="gg"/>
        <phase duration="3"  state="yy"/>
        <phase duration="25" state="rr"/>
    </tlLogic>
    <tlLogic id="2418390679" type="static" programID="0" offset="0">
        <phase duration="62" state="GgrrGGG"/>
        <phase duration="3"  state="yyrryyy"/>
        <phase duration="2"  state="rrrrrrr"/>
        <phase duration="18" state="rrgGrrr"/>
        <phase duration="3"  state="rryyrrr"/>
        <phase duration="2"  state="rrrrrrr"/>
    </tlLogic>
    <tlLogic id="2486710615" type="static" programID="0" offset="0">
        <phase duration="55" state="rrGgGg"/>
        <phase duration="3"  state="rryyyy"/>
        <phase duration="2"  state="rrrrrr"/>
        <phase duration="25" state="ggrrrr"/>
        <phase duration="3"  state="yyrrrr"/>
        <phase duration="2"  state="rrrrrr"/>
    </tlLogic>
    <tlLogic id="25620653" type="static" programID="0" offset="0">
        <phase duration="67" state="GGG"/>
        <phase duration="3"  state="yyy"/>
        <phase duration="20" state="rrr"/>
    </tlLogic>
    <tlLogic id="25620737" type="static" programID="0" offset="0">
        <phase duration="59" state="rrggg"/>
        <phase duration="3"  state="rryyy"/>
        <phase duration="2"  state="rrrrr"/>
        <phase duration="21" state="ggrrr"/>
        <phase duration="3"  state="yyrrr"/>
        <phase duration="2"  state="rrrrr"/>
    </tlLogic>
    <tlLogic id="25620743" type="static" programID="0" offset="0">
        <phase duration="42" state="ggggrrrr"/>
        <phase duration="3"  state="yyyyrrrr"/>
        <phase duration="2"  state="rrrrrrrr"/>
        <phase duration="38" state="rrrrgggg"/>
        <phase duration="3"  state="rrrryyyy"/>
        <phase duration="2"  state="rrrrrrrr"/>
    </tlLogic>
    <tlLogic id="25620747" type="static" programID="0" offset="0">
        <phase duration="42" state="rrrrggggg"/>
        <phase duration="3"  state="rrrryyyyy"/>
        <phase duration="2"  state="rrrrrrrrr"/>
        <phase duration="38" state="ggggrrrrr"/>
        <phase duration="3"  state="yyyyrrrrr"/>
        <phase duration="2"  state="rrrrrrrrr"/>
    </tlLogic>
    <tlLogic id="25620960" type="static" programID="0" offset="0">
        <phase duration="39" state="GGGrrrr"/>
        <phase duration="6"  state="yyyrrrr"/>
        <phase duration="39" state="rrrGGGG"/>
        <phase duration="6"  state="rrryyyy"/>
    </tlLogic>
    <tlLogic id="25632226" type="static" programID="0" offset="0">
        <phase duration="47" state="rrgg"/>
        <phase duration="3"  state="rryy"/>
        <phase duration="2"  state="rrrr"/>
        <phase duration="33" state="rrGG"/>
        <phase duration="3"  state="rryy"/>
        <phase duration="2"  state="rrrr"/>
    </tlLogic>
    <tlLogic id="25632230" type="static" programID="0" offset="0">
        <phase duration="47" state="GGrr"/>
        <phase duration="3"  state="yyrr"/>
        <phase duration="2"  state="rrrr"/>
        <phase duration="33" state="rrGG"/>
        <phase duration="3"  state="rryy"/>
        <phase duration="2"  state="rrrr"/>
    </tlLogic>
    <tlLogic id="25632285" type="static" programID="0" offset="0">
        <phase duration="50" state="GGGrrr"/>
        <phase duration="3"  state="yyyrrr"/>
        <phase duration="2"  state="rrrrrr"/>
        <phase duration="30" state="rrrGGG"/>
        <phase duration="3"  state="rrryyy"/>
        <phase duration="2"  state="rrrrrr"/>
    </tlLogic>
    <tlLogic id="25632293" type="static" programID="0" offset="0">
        <phase duration="63" state="rrrrggggg"/>
        <phase duration="3"  state="rrrryyyyy"/>
        <phase duration="2"  state="rrrrrrrrr"/>
        <phase duration="17" state="ggggrrrrr"/>
        <phase duration="3"  state="yyyyyrrrr"/>
        <phase duration="2"  state="rrrrrrrrr"/>
    </tlLogic>
    <tlLogic id="25632361" type="static" programID="0" offset="0">
        <phase duration="55" state="GGrrrGg"/>
        <phase duration="3"  state="yyrrryy"/>
        <phase duration="2"  state="rrrrrrr"/>
        <phase duration="25" state="rrGGGrr"/>
        <phase duration="3"  state="rryyyrr"/>
        <phase duration="2"  state="rrrrrrr"/>
    </tlLogic>
    <tlLogic id="25632362" type="static" programID="0" offset="0">
        <phase duration="58" state="GGgGGgrr"/>
        <phase duration="3"  state="yyyyyyrr"/>
        <phase duration="2"  state="rrrrrrrr"/>
        <phase duration="22" state="rrrrrrGG"/>
        <phase duration="3"  state="rrrrrryy"/>
        <phase duration="2"  state="rrrrrrrr"/>
    </tlLogic>
    <tlLogic id="25632363" type="static" programID="0" offset="0">
        <phase duration="82" state="GGG"/>
        <phase duration="3"  state="yyy"/>
        <phase duration="5"  state="rrr"/>
    </tlLogic>
    <tlLogic id="25632375" type="static" programID="0" offset="0">
        <phase duration="42" state="GGGGrr"/>
        <phase duration="3"  state="yyyyrr"/>
        <phase duration="42" state="rrrrGG"/>
        <phase duration="3"  state="rrrryy"/>
    </tlLogic>
    <tlLogic id="25632376" type="static" programID="0" offset="0">
        <phase duration="38" state="gggrrrr"/>
        <phase duration="3"  state="yyyrrrr"/>
        <phase duration="2"  state="rrrrrrr"/>
        <phase duration="23" state="rrrggrr"/>
        <phase duration="3"  state="rrryyrr"/>
        <phase duration="2"  state="rrrrrrr"/>
        <phase duration="14" state="rrrrrgg"/>
        <phase duration="3"  state="rrrrryy"/>
        <phase duration="2"  state="rrrrrrr"/>
    </tlLogic>
    <tlLogic id="25632400" type="static" programID="0" offset="0">
        <phase duration="42" state="Gr"/>
        <phase duration="3"  state="yr"/>
        <phase duration="42" state="rG"/>
        <phase duration="3"  state="ry"/>
    </tlLogic>
    <tlLogic id="25632409" type="static" programID="0" offset="0">
        <phase duration="79" state="GG"/>
        <phase duration="6"  state="yy"/>
        <phase duration="5"  state="rr"/>
    </tlLogic>
    <tlLogic id="25632410" type="static" programID="0" offset="0">
        <phase duration="82" state="GG"/>
        <phase duration="3"  state="yy"/>
        <phase duration="5"  state="rr"/>
    </tlLogic>
    <tlLogic id="25632411" type="static" programID="0" offset="0">
        <phase duration="39" state="rrrgg"/>
        <phase duration="3"  state="rrryy"/>
        <phase duration="2"  state="rrrrr"/>
        <phase duration="41" state="gggrr"/>
        <phase duration="3"  state="yyyrr"/>
        <phase duration="2"  state="rrrrr"/>
    </tlLogic>
    <tlLogic id="25632412" type="static" programID="0" offset="0">
        <phase duration="39" state="rrrgg"/>
        <phase duration="3"  state="rrryy"/>
        <phase duration="2"  state="rrrrr"/>
        <phase duration="41" state="gggrr"/>
        <phase duration="3"  state="yyyrr"/>
        <phase duration="2"  state="rrrrr"/>
    </tlLogic>
    <tlLogic id="25632419" type="static" programID="0" offset="0">
        <phase duration="55" state="rrggg"/>
        <phase duration="3"  state="rryyy"/>
        <phase duration="2"  state="rrrrr"/>
        <phase duration="25" state="ggrrr"/>
        <phase duration="3"  state="yyrrr"/>
        <phase duration="2"  state="rrrrr"/>
    </tlLogic>
    <tlLogic id="25632422" type="static" programID="0" offset="0">
        <phase duration="52" state="ggggrrr"/>
        <phase duration="3"  state="yyyyrrr"/>
        <phase duration="2"  state="rrrrrrr"/>
        <phase duration="28" state="rrrrggg"/>
        <phase duration="3"  state="rrrryyy"/>
        <phase duration="2"  state="rrrrrrr"/>
    </tlLogic>
    <tlLogic id="25632423" type="static" programID="0" offset="0">
        <phase duration="39" state="gggrrr"/>
        <phase duration="3"  state="yyyrrr"/>
        <phase duration="2"  state="rrrrrr"/>
        <phase duration="41" state="rrrggg"/>
        <phase duration="3"  state="rrryyy"/>
        <phase duration="2"  state="rrrrrr"/>
    </tlLogic>
    <tlLogic id="25632426" type="static" programID="0" offset="0">
        <phase duration="39" state="GG"/>
        <phase duration="3"  state="yy"/>
        <phase duration="48" state="rr"/>
    </tlLogic>
    <tlLogic id="25632429" type="static" programID="0" offset="0">
        <phase duration="27" state="rrGrr"/>
        <phase duration="3"  state="rryrr"/>
        <phase duration="27" state="GGrrr"/>
        <phase duration="3"  state="yyrrr"/>
        <phase duration="27" state="rrrGG"/>
        <phase duration="3"  state="rrryy"/>
    </tlLogic>
    <tlLogic id="25632432" type="static" programID="0" offset="0">
        <phase duration="39" state="rrrggg"/>
        <phase duration="3"  state="rrryyy"/>
        <phase duration="2"  state="rrrrrr"/>
        <phase duration="41" state="gggrrr"/>
        <phase duration="3"  state="yyyrrr"/>
        <phase duration="2"  state="rrrrrr"/>
    </tlLogic>
    <tlLogic id="25632447" type="static" programID="0" offset="0">
        <phase duration="79" state="GgGGg"/>
        <phase duration="6"  state="yyyyy"/>
        <phase duration="5"  state="rrrrr"/>
    </tlLogic>
    <tlLogic id="25632449" type="static" programID="0" offset="0">
        <phase duration="39" state="ggrr"/>
        <phase duration="3"  state="yyrr"/>
        <phase duration="2"  state="rrrr"/>
        <phase duration="41" state="rrgg"/>
        <phase duration="3"  state="rryy"/>
        <phase duration="2"  state="rrrr"/>
    </tlLogic>
    <tlLogic id="25632454" type="static" programID="0" offset="0">
        <phase duration="52" state="ggr"/>
        <phase duration="3"  state="yyr"/>
        <phase duration="2"  state="rrr"/>
        <phase duration="27" state="rrg"/>
        <phase duration="3"  state="rry"/>
        <phase duration="3"  state="rrr"/>
    </tlLogic>
    <tlLogic id="25632466" type="static" programID="0" offset="0">
        <phase duration="42" state="GG"/>
        <phase duration="3"  state="yy"/>
        <phase duration="45" state="rr"/>
    </tlLogic>
    <tlLogic id="25632521" type="static" programID="0" offset="0">
        <phase duration="45" state="GG"/>
        <phase duration="3"  state="yy"/>
        <phase duration="42" state="rr"/>
    </tlLogic>
    <tlLogic id="2572799251" type="static" programID="0" offset="0">
        <phase duration="57" state="GGr"/>
        <phase duration="3"  state="yyr"/>
        <phase duration="2"  state="rrr"/>
        <phase duration="22" state="rrg"/>
        <phase duration="3"  state="rry"/>
        <phase duration="3"  state="rrr"/>
    </tlLogic>
    <tlLogic id="2585545679" type="static" programID="0" offset="0">
        <phase duration="40" state="GGGrr"/>
        <phase duration="3"  state="yyyrr"/>
        <phase duration="2"  state="rrrrr"/>
        <phase duration="4000" state="rrrgg"/>
        <phase duration="3"  state="rrryy"/>
        <phase duration="2"  state="rrrrr"/>
    </tlLogic>
    <tlLogic id="2641682870" type="static" programID="0" offset="0">
        <phase duration="79" state="GG"/>
        <phase duration="6"  state="yy"/>
        <phase duration="5"  state="rr"/>
    </tlLogic>
    <tlLogic id="2641682876" type="static" programID="0" offset="0">
        <phase duration="79" state="GG"/>
        <phase duration="6"  state="yy"/>
        <phase duration="5"  state="rr"/>
    </tlLogic>
    <tlLogic id="285945659" type="static" programID="0" offset="0">
        <phase duration="45" state="gggrrr"/>
        <phase duration="3"  state="yyyrrr"/>
        <phase duration="22" state="rrrrrr"/>
        <phase duration="15" state="rrrggg"/>
        <phase duration="3"  state="rrryyy"/>
        <phase duration="2"  state="rrrrrr"/>
    </tlLogic>
    <tlLogic id="286968787" type="static" programID="0" offset="0">
        <phase duration="42" state="GgGGgrr"/>
        <phase duration="3"  state="yyyyyrr"/>
        <phase duration="42" state="rrrrrGG"/>
        <phase duration="3"  state="rrrrryy"/>
    </tlLogic>
    <tlLogic id="286969224" type="static" programID="0" offset="0">
        <phase duration="55" state="gggrr"/>
        <phase duration="13" state="ggggg"/>
        <phase duration="3"  state="yyygg"/>
        <phase duration="14" state="rrrgg"/>
        <phase duration="3"  state="rrryy"/>
        <phase duration="2"  state="rrrrr"/>
    </tlLogic>
    <tlLogic id="2893310956" type="static" programID="0" offset="0">
        <phase duration="62" state="g"/>
        <phase duration="3"  state="y"/>
        <phase duration="25" state="r"/>
    </tlLogic>
    <tlLogic id="2895857747" type="static" programID="0" offset="0">
        <phase duration="60" state="GG"/>
        <phase duration="3"  state="yy"/>
        <phase duration="27" state="rr"/>
    </tlLogic>
    <tlLogic id="2904498647" type="static" programID="0" offset="0">
        <phase duration="62" state="ggg"/>
        <phase duration="3"  state="yyy"/>
        <phase duration="25" state="rrr"/>
    </tlLogic>
    <tlLogic id="2904508476" type="static" programID="0" offset="0">
        <phase duration="44" state="rr"/>
        <phase duration="23" state="gg"/>
        <phase duration="3"  state="yy"/>
        <phase duration="20" state="rr"/>
    </tlLogic>
    <tlLogic id="2940944907" type="static" programID="0" offset="0">
        <phase duration="52" state="rg"/>
        <phase duration="3"  state="ry"/>
        <phase duration="2"  state="rr"/>
        <phase duration="28" state="gr"/>
        <phase duration="3"  state="yr"/>
        <phase duration="2"  state="rr"/>
    </tlLogic>
    <tlLogic id="299594486" type="static" programID="0" offset="0">
        <phase duration="2"  state="rrr"/>
        <phase duration="62" state="ggg"/>
        <phase duration="3"  state="yyy"/>
    </tlLogic>
    <tlLogic id="299610558" type="static" programID="0" offset="0">
        <phase duration="62" state="ggg"/>
        <phase duration="3"  state="yyy"/>
        <phase duration="25" state="rrr"/>
    </tlLogic>
    <tlLogic id="299610705" type="static" programID="0" offset="0">
        <phase duration="44" state="GG"/>
        <phase duration="3"  state="yg"/>
        <phase duration="43" state="rg"/>
    </tlLogic>
    <tlLogic id="299611700" type="static" programID="0" offset="0">
        <phase duration="35" state="rggg"/>
        <phase duration="18" state="grrr"/>
        <phase duration="3"  state="yrrr"/>
        <phase duration="2"  state="rrrr"/>
        <phase duration="32" state="rggg"/>
    </tlLogic>
    <tlLogic id="299612405" type="static" programID="0" offset="0">
        <phase duration="67" state="GGG"/>
        <phase duration="3"  state="yyy"/>
        <phase duration="20" state="rrr"/>
    </tlLogic>
    <tlLogic id="299614078" type="static" programID="0" offset="0">
        <phase duration="63" state="gggg"/>
        <phase duration="3"  state="yggg"/>
        <phase duration="27" state="rggg"/>
    </tlLogic>
    <tlLogic id="3024642959" type="static" programID="0" offset="0">
        <phase duration="60" state="gggg"/>
        <phase duration="3"  state="yyyy"/>
        <phase duration="27" state="rrrr"/>
    </tlLogic>
    <tlLogic id="3092699113" type="static" programID="0" offset="0">
        <phase duration="52" state="rg"/>
        <phase duration="3"  state="ry"/>
        <phase duration="2"  state="rr"/>
        <phase duration="28" state="gr"/>
        <phase duration="3"  state="yr"/>
        <phase duration="2"  state="rr"/>
    </tlLogic>
    <tlLogic id="311889489" type="static" programID="0" offset="0">
        <phase duration="42" state="rrrGGG"/>
        <phase duration="3"  state="rrryyy"/>
        <phase duration="42" state="GGGrrr"/>
        <phase duration="3"  state="yyyrrr"/>
    </tlLogic>
    <tlLogic id="3130311623" type="static" programID="0" offset="0">
        <phase duration="55" state="ggg"/>
        <phase duration="3"  state="yyy"/>
        <phase duration="32" state="rrr"/>
    </tlLogic>
    <tlLogic id="3130312334" type="static" programID="0" offset="0">
        <phase duration="68" state="g"/>
        <phase duration="3"  state="y"/>
        <phase duration="19" state="r"/>
    </tlLogic>
    <tlLogic id="3130312339" type="static" programID="0" offset="0">
        <phase duration="82" state="GGG"/>
        <phase duration="3"  state="yyy"/>
        <phase duration="5"  state="rrr"/>
    </tlLogic>
    <tlLogic id="3130312340" type="static" programID="0" offset="0">
        <phase duration="62" state="ggg"/>
        <phase duration="3"  state="yyy"/>
        <phase duration="25" state="rrr"/>
    </tlLogic>
    <tlLogic id="3130312343" type="static" programID="0" offset="0">
        <phase duration="82" state="GGG"/>
        <phase duration="3"  state="yyy"/>
        <phase duration="5"  state="rrr"/>
    </tlLogic>
    <tlLogic id="3148917487" type="static" programID="0" offset="0">
        <phase duration="62" state="gg"/>
        <phase duration="3"  state="yy"/>
        <phase duration="25" state="rr"/>
    </tlLogic>
    <tlLogic id="3391597680" type="static" programID="0" offset="0">
        <phase duration="79" state="GGGG"/>
        <phase duration="6"  state="yyyy"/>
        <phase duration="5"  state="rrrr"/>
    </tlLogic>
    <tlLogic id="3391598673" type="static" programID="0" offset="0">
        <phase duration="65" state="rgg"/>
        <phase duration="3"  state="yrr"/>
        <phase duration="2"  state="rrr"/>
        <phase duration="15" state="grr"/>
        <phase duration="3"  state="yrr"/>
        <phase duration="2"  state="rrr"/>
    </tlLogic>
    <tlLogic id="3391599154" type="static" programID="0" offset="0">
        <phase duration="42" state="Gr"/>
        <phase duration="3"  state="yr"/>
        <phase duration="2"  state="rr"/>
        <phase duration="38" state="rg"/>
        <phase duration="3"  state="ry"/>
        <phase duration="2"  state="rr"/>
    </tlLogic>
    <tlLogic id="3391599155" type="static" programID="0" offset="0">
        <phase duration="47" state="rg"/>
        <phase duration="38" state="gg"/>
        <phase duration="3"  state="yg"/>
        <phase duration="2"  state="rr"/>
    </tlLogic>
    <tlLogic id="343646649" type="static" programID="0" offset="0">
        <phase duration="52" state="rggggr"/>
        <phase duration="3"  state="ryyyyr"/>
        <phase duration="2"  state="rrrrrr"/>
        <phase duration="32" state="grrrrg"/>
        <phase duration="3"  state="yrrrry"/>
        <phase duration="2"  state="rrrrrr"/>
    </tlLogic>
    <tlLogic id="343646659" type="static" programID="0" offset="0">
        <phase duration="22" state="rr"/>
        <phase duration="3"  state="yy"/>
        <phase duration="65" state="gg"/>
    </tlLogic>
    <tlLogic id="343646734" type="static" programID="0" offset="0">
        <phase duration="80" state="GgGg"/>
        <phase duration="5"  state="yyyy"/>
        <phase duration="5"  state="rrrr"/>
    </tlLogic>
    <tlLogic id="343646735" type="static" programID="0" offset="0">
        <phase duration="45" state="ggrrrgggrrr"/>
        <phase duration="3"  state="yyrrryyyrrr"/>
        <phase duration="2"  state="rrrrrrrrrrr"/>
        <phase duration="15" state="rrgggrrrrrr"/>
        <phase duration="3"  state="rryyyrrrrrr"/>
        <phase duration="2"  state="rrrrrrrrrrr"/>
        <phase duration="15" state="rrrrrrrrggg"/>
        <phase duration="3"  state="rrrrrrrryyy"/>
        <phase duration="2"  state="rrrrrrrrrrr"/>
    </tlLogic>
    <tlLogic id="343646810" type="static" programID="0" offset="0">
        <phase duration="44" state="gggrrrrrggg"/>
        <phase duration="3"  state="yyyrrrrryyy"/>
        <phase duration="2"  state="rrrrrrrrrrr"/>
        <phase duration="36" state="rrrgggggrrr"/>
        <phase duration="3"  state="rrryyyyyrrr"/>
        <phase duration="2"  state="rrrrrrrrrrr"/>
    </tlLogic>
    <tlLogic id="343646831" type="static" programID="0" offset="0">
        <phase duration="62" state="GGG"/>
        <phase duration="3"  state="yyy"/>
        <phase duration="20" state="rrr"/>
    </tlLogic>
    <tlLogic id="3446699975" type="static" programID="0" offset="0">
        <phase duration="42" state="GGGrrr"/>
        <phase duration="3"  state="yyyrrr"/>
        <phase duration="42" state="rrrGGG"/>
        <phase duration="3"  state="rrryyy"/>
    </tlLogic>
    <tlLogic id="3446699979" type="static" programID="0" offset="0">
        <phase duration="45" state="rrrggggg"/>
        <phase duration="3"  state="rrryyyyy"/>
        <phase duration="2"  state="rrrrrrrr"/>
        <phase duration="35" state="gggrrrrr"/>
        <phase duration="3"  state="yyyrrrrr"/>
        <phase duration="2"  state="rrrrrrrr"/>
    </tlLogic>
    <tlLogic id="3446699996" type="static" programID="0" offset="0">
        <phase duration="60" state="rrgggg"/>
        <phase duration="3"  state="rryyyy"/>
        <phase duration="2"  state="rrrrrr"/>
        <phase duration="20" state="ggrrrr"/>
        <phase duration="3"  state="yyrrrr"/>
        <phase duration="2"  state="rryyyy"/>
    </tlLogic>
    <tlLogic id="349907807" type="static" programID="0" offset="0">
        <phase duration="42" state="GrrGGg"/>
        <phase duration="3"  state="yrryyy"/>
        <phase duration="2"  state="rrrrrr"/>
        <phase duration="38" state="rggrrr"/>
        <phase duration="3"  state="ryyrrr"/>
        <phase duration="2"  state="rrrrrr"/>
    </tlLogic>
    <tlLogic id="3517427360" type="static" programID="0" offset="0">
        <phase duration="38" state="GGrrrggg"/>
        <phase duration="3"  state="ggrrryyy"/>
        <phase duration="2"  state="GGrrrrrr"/>
        <phase duration="18" state="ggggrrrr"/>
        <phase duration="3"  state="yyygrrrr"/>
        <phase duration="2"  state="rrrgrrrr"/>
        <phase duration="19" state="rrrggrrr"/>
        <phase duration="3"  state="rrryyrrr"/>
        <phase duration="2"  state="rrrrrrrr"/>
    </tlLogic>
    <tlLogic id="3891282353" type="static" programID="0" offset="0">
        <phase duration="82" state="GG"/>
        <phase duration="3"  state="yy"/>
        <phase duration="5"  state="rr"/>
    </tlLogic>
    <tlLogic id="3891282355" type="static" programID="0" offset="0">
        <phase duration="82" state="G"/>
        <phase duration="3"  state="y"/>
        <phase duration="5"  state="r"/>
    </tlLogic>
    <tlLogic id="3897692280" type="static" programID="0" offset="0">
        <phase duration="47" state="gggrr"/>
        <phase duration="3"  state="yyyrr"/>
        <phase duration="17" state="rrrrr"/>
        <phase duration="18" state="rrrgg"/>
        <phase duration="3"  state="rrryy"/>
        <phase duration="2"  state="rrrrr"/>
    </tlLogic>
    <tlLogic id="3950967587" type="static" programID="0" offset="0">
        <phase duration="18" state="ggrrrggg"/>
        <phase duration="3"  state="yyrrrggg"/>
        <phase duration="1"  state="rrrrrggg"/>
        <phase duration="18" state="rrgggggg"/>
        <phase duration="3"  state="rryyyggg"/>
        <phase duration="47" state="rrrrrggg"/>
    </tlLogic>
    <tlLogic id="404770462" type="static" programID="0" offset="0">
        <phase duration="82" state="G"/>
        <phase duration="3"  state="y"/>
        <phase duration="5"  state="r"/>
    </tlLogic>
    <tlLogic id="4087312908" type="static" programID="0" offset="0">
        <phase duration="42" state="GGGG"/>
        <phase duration="3"  state="ggyy"/>
        <phase duration="45" state="ggrr"/>
    </tlLogic>
    <tlLogic id="414120991" type="static" programID="0" offset="0">
        <phase duration="50" state="rrr"/>
        <phase duration="37" state="ggg"/>
        <phase duration="3"  state="yyy"/>
    </tlLogic>
    <tlLogic id="4199180593" type="static" programID="0" offset="0">
        <phase duration="55" state="gggr"/>
        <phase duration="3"  state="yyyr"/>
        <phase duration="2"  state="rrrr"/>
        <phase duration="25" state="rrrg"/>
        <phase duration="3"  state="rrry"/>
        <phase duration="2"  state="rrrr"/>
    </tlLogic>
    <tlLogic id="4199223989" type="static" programID="0" offset="0">
        <phase duration="60" state="rg"/>
        <phase duration="25" state="gg"/>
        <phase duration="3"  state="yg"/>
        <phase duration="2"  state="rg"/>
    </tlLogic>
    <tlLogic id="427067714" type="static" programID="0" offset="0">
        <phase duration="45" state="GrG"/>
        <phase duration="3"  state="yry"/>
        <phase duration="2"  state="rrr"/>
        <phase duration="16" state="rgr"/>
        <phase duration="3"  state="ryr"/>
        <phase duration="21" state="rrr"/>
    </tlLogic>
    <tlLogic id="427067727" type="static" programID="0" offset="0">
        <phase duration="64" state="GGGGG"/>
        <phase duration="3"  state="yyyyy"/>
        <phase duration="23" state="rrrrr"/>
    </tlLogic>
    <tlLogic id="427277909" type="static" programID="0" offset="0">
        <phase duration="58" state="GrrrGG"/>
        <phase duration="3"  state="yrrryy"/>
        <phase duration="2"  state="rrrrrr"/>
        <phase duration="22" state="rgggrr"/>
        <phase duration="3"  state="ryyyrr"/>
        <phase duration="2"  state="rrrrrr"/>
    </tlLogic>
    <tlLogic id="444023236" type="static" programID="0" offset="0">
        <phase duration="67" state="G"/>
        <phase duration="3"  state="y"/>
        <phase duration="20" state="r"/>
    </tlLogic>
    <tlLogic id="4467938297" type="static" programID="0" offset="0">
        <phase duration="60" state="GG"/>
        <phase duration="3"  state="yy"/>
        <phase duration="27" state="rr"/>
    </tlLogic>
    <tlLogic id="4468690329" type="static" programID="0" offset="0">
        <phase duration="72" state="GGG"/>
        <phase duration="3"  state="yyy"/>
        <phase duration="15" state="rrr"/>
    </tlLogic>
    <tlLogic id="4473312693" type="static" programID="0" offset="0">
        <phase duration="50" state="GG"/>
        <phase duration="3"  state="yy"/>
        <phase duration="37" state="rr"/>
    </tlLogic>
    <tlLogic id="4473312694" type="static" programID="0" offset="0">
        <phase duration="55" state="rr"/>
        <phase duration="29" state="gg"/>
        <phase duration="3"  state="yy"/>
        <phase duration="3"  state="rr"/>
    </tlLogic>
    <tlLogic id="452682212" type="static" programID="0" offset="0">
        <phase duration="52" state="ggg"/>
        <phase duration="3"  state="yyy"/>
        <phase duration="35" state="rrr"/>
    </tlLogic>
    <tlLogic id="452682286" type="static" programID="0" offset="0">
        <phase duration="67" state="rrrgg"/>
        <phase duration="19" state="ggggg"/>
        <phase duration="3"  state="yyygg"/>
        <phase duration="1"  state="rrrgg"/>
    </tlLogic>
    <tlLogic id="452682289" type="static" programID="0" offset="0">
        <phase duration="38" state="gggrrr"/>
        <phase duration="3"  state="yyyrrr"/>
        <phase duration="49" state="rrrrrr"/>
    </tlLogic>
    <tlLogic id="452682297" type="static" programID="0" offset="0">
        <phase duration="42" state="ggrr"/>
        <phase duration="22" state="gggg"/>
        <phase duration="3"  state="ggyy"/>
        <phase duration="23" state="ggrr"/>
    </tlLogic>
    <tlLogic id="452682300" type="static" programID="0" offset="0">
        <phase duration="62" state="gggg"/>
        <phase duration="3"  state="yyyy"/>
        <phase duration="25" state="rrrr"/>
    </tlLogic>
    <tlLogic id="4526972109" type="static" programID="0" offset="0">
        <phase duration="82" state="GG"/>
        <phase duration="3"  state="yy"/>
        <phase duration="5"  state="rr"/>
    </tlLogic>
    <tlLogic id="4526972112" type="static" programID="0" offset="0">
        <phase duration="82" state="GG"/>
        <phase duration="3"  state="yy"/>
        <phase duration="5"  state="rr"/>
    </tlLogic>
    <tlLogic id="4554424759" type="static" programID="0" offset="0">
        <phase duration="45" state="GGGrrr"/>
        <phase duration="3"  state="yyyrrr"/>
        <phase duration="2"  state="rrrrrr"/>
        <phase duration="35" state="rrrGGG"/>
        <phase duration="3"  state="rrryyy"/>
        <phase duration="2"  state="rrrrrr"/>
    </tlLogic>
    <tlLogic id="4581733949" type="static" programID="0" offset="0">
        <phase duration="58" state="GG"/>
        <phase duration="3"  state="yy"/>
        <phase duration="29" state="rr"/>
    </tlLogic>
    <tlLogic id="4612022394" type="static" programID="0" offset="0">
        <phase duration="82" state="G"/>
        <phase duration="3"  state="y"/>
        <phase duration="5"  state="r"/>
    </tlLogic>
    <tlLogic id="4685392596" type="static" programID="0" offset="0">
        <phase duration="52" state="ggg"/>
        <phase duration="3"  state="yyy"/>
        <phase duration="35" state="rrr"/>
    </tlLogic>
    <tlLogic id="4685392607" type="static" programID="0" offset="0">
        <phase duration="50" state="GGr"/>
        <phase duration="3"  state="yyr"/>
        <phase duration="2"  state="rrr"/>
        <phase duration="32" state="rrg"/>
        <phase duration="3"  state="rry"/>
        <phase duration="2"  state="rrr"/>
    </tlLogic>
    <tlLogic id="4720550785" type="static" programID="0" offset="0">
        <phase duration="65" state="gggrrr"/>
        <phase duration="3"  state="yyyrrr"/>
        <phase duration="2"  state="rrrrrr"/>
        <phase duration="15" state="rrrggg"/>
        <phase duration="3"  state="rrryyy"/>
        <phase duration="2"  state="rrrrrr"/>
    </tlLogic>
    <tlLogic id="4731603473" type="static" programID="0" offset="0">
        <phase duration="52" state="GGrr"/>
        <phase duration="3"  state="yyrr"/>
        <phase duration="2"  state="rrrr"/>
        <phase duration="28" state="rrgg"/>
        <phase duration="3"  state="rryy"/>
        <phase duration="2"  state="rrrr"/>
    </tlLogic>
    <tlLogic id="4731670855" type="static" programID="0" offset="0">
        <phase duration="56" state="G"/>
        <phase duration="3"  state="y"/>
        <phase duration="30" state="r"/>
        <phase duration="1"  state="g"/>
    </tlLogic>
    <tlLogic id="4731670862" type="static" programID="0" offset="0">
        <phase duration="67" state="G"/>
        <phase duration="3"  state="y"/>
        <phase duration="20" state="r"/>
    </tlLogic>
    <tlLogic id="4731670863" type="static" programID="0" offset="0">
        <phase duration="60" state="GG"/>
        <phase duration="3"  state="yy"/>
        <phase duration="27" state="rr"/>
    </tlLogic>
    <tlLogic id="4731670864" type="static" programID="0" offset="0">
        <phase duration="60" state="GG"/>
        <phase duration="3"  state="yy"/>
        <phase duration="27" state="rr"/>
    </tlLogic>
    <tlLogic id="474546948" type="static" programID="0" offset="0">
        <phase duration="62" state="GG"/>
        <phase duration="3"  state="yy"/>
        <phase duration="25" state="rr"/>
    </tlLogic>
    <tlLogic id="4751728939" type="static" programID="0" offset="0">
        <phase duration="63" state="GGG"/>
        <phase duration="3"  state="gyy"/>
        <phase duration="24" state="grr"/>
    </tlLogic>
    <tlLogic id="4751728943" type="static" programID="0" offset="0">
        <phase duration="63" state="GGG"/>
        <phase duration="3"  state="ygg"/>
        <phase duration="24" state="rgg"/>
    </tlLogic>
    <tlLogic id="4751728950" type="static" programID="0" offset="0">
        <phase duration="63" state="GGGG"/>
        <phase duration="3"  state="gyyy"/>
        <phase duration="24" state="grrr"/>
    </tlLogic>
    <tlLogic id="4751728994" type="static" programID="0" offset="0">
        <phase duration="63" state="ggg"/>
        <phase duration="3"  state="gyy"/>
        <phase duration="24" state="grr"/>
    </tlLogic>
    <tlLogic id="4751729007" type="static" programID="0" offset="0">
        <phase duration="82" state="G"/>
        <phase duration="3"  state="y"/>
        <phase duration="5"  state="r"/>
    </tlLogic>
    <tlLogic id="4751729015" type="static" programID="0" offset="0">
        <phase duration="63" state="gggg"/>
        <phase duration="3"  state="yggg"/>
        <phase duration="24" state="rggg"/>
    </tlLogic>
    <tlLogic id="4751729025" type="static" programID="0" offset="0">
        <phase duration="63" state="GGG"/>
        <phase duration="3"  state="ygg"/>
        <phase duration="24" state="rgg"/>
    </tlLogic>
    <tlLogic id="4751793164" type="static" programID="0" offset="0">
        <phase duration="36" state="GGGrrr"/>
        <phase duration="3"  state="yyyrrr"/>
        <phase duration="2"  state="rrrrrr"/>
        <phase duration="44" state="rrrggg"/>
        <phase duration="3"  state="rrryyy"/>
        <phase duration="2"  state="rrrrrr"/>
    </tlLogic>
    <tlLogic id="4751793173" type="static" programID="0" offset="0">
        <phase duration="72" state="GGG"/>
        <phase duration="3"  state="yyy"/>
        <phase duration="15" state="rrr"/>
    </tlLogic>
    <tlLogic id="475339285" type="static" programID="0" offset="0">
        <phase duration="67" state="GGG"/>
        <phase duration="3"  state="yyy"/>
        <phase duration="20" state="rrr"/>
    </tlLogic>
    <tlLogic id="475410511" type="static" programID="0" offset="0">
        <phase duration="42" state="GgrrGGg"/>
        <phase duration="3"  state="yyrryyy"/>
        <phase duration="42" state="rrGGrrr"/>
        <phase duration="3"  state="rryyrrr"/>
    </tlLogic>
    <tlLogic id="475548529" type="static" programID="0" offset="0">
        <phase duration="79" state="GGG"/>
        <phase duration="6"  state="yyy"/>
        <phase duration="5"  state="rrr"/>
    </tlLogic>
    <tlLogic id="5051610943" type="static" programID="0" offset="0">
        <phase duration="60" state="ggg"/>
        <phase duration="3"  state="yyy"/>
        <phase duration="27" state="rrr"/>
    </tlLogic>
    <tlLogic id="5118553689" type="static" programID="0" offset="0">
        <phase duration="79" state="GGG"/>
        <phase duration="6"  state="yyy"/>
        <phase duration="5"  state="rrr"/>
    </tlLogic>
    <tlLogic id="5284320721" type="static" programID="0" offset="0">
        <phase duration="70" state="GGGGG"/>
        <phase duration="3"  state="yyyyy"/>
        <phase duration="17" state="rrrrr"/>
    </tlLogic>
    <tlLogic id="5284452750" type="static" programID="0" offset="0">
        <phase duration="60" state="rggg"/>
        <phase duration="3"  state="ryyy"/>
        <phase duration="4"  state="rrrr"/>
        <phase duration="16" state="grrr"/>
        <phase duration="3"  state="yrrr"/>
        <phase duration="4"  state="rrrr"/>
    </tlLogic>
    <tlLogic id="5284452808" type="static" programID="0" offset="0">
        <phase duration="59" state="rrggg"/>
        <phase duration="3"  state="rryyy"/>
        <phase duration="2"  state="rrrrr"/>
        <phase duration="21" state="ggrrr"/>
        <phase duration="3"  state="yyrrr"/>
        <phase duration="2"  state="rrrrr"/>
    </tlLogic>
    <tlLogic id="5284452939" type="static" programID="0" offset="0">
        <phase duration="58" state="GGr"/>
        <phase duration="3"  state="yyr"/>
        <phase duration="2"  state="rrr"/>
        <phase duration="24" state="rrG"/>
        <phase duration="3"  state="rry"/>
        <phase duration="2"  state="rrr"/>
    </tlLogic>
    <tlLogic id="5291598250" type="static" programID="0" offset="0">
        <phase duration="50" state="GGr"/>
        <phase duration="3"  state="yyr"/>
        <phase duration="34" state="rrG"/>
    </tlLogic>
    <tlLogic id="5291883012" type="static" programID="0" offset="0">
        <phase duration="63" state="gggg"/>
        <phase duration="3"  state="gyyy"/>
        <phase duration="24" state="grrr"/>
    </tlLogic>
    <tlLogic id="5305661173" type="static" programID="0" offset="0">
        <phase duration="45" state="GG"/>
        <phase duration="3"  state="yy"/>
        <phase duration="42" state="rr"/>
    </tlLogic>
    <tlLogic id="5305836812" type="static" programID="0" offset="0">
        <phase duration="62" state="gggg"/>
        <phase duration="3"  state="yggg"/>
        <phase duration="25" state="rggg"/>
    </tlLogic>
    <tlLogic id="5305837226" type="static" programID="0" offset="0">
        <phase duration="63" state="GGG"/>
        <phase duration="3"  state="gyy"/>
        <phase duration="24" state="grr"/>
    </tlLogic>
    <tlLogic id="5305837227" type="static" programID="0" offset="0">
        <phase duration="63" state="Ggg"/>
        <phase duration="3"  state="gyy"/>
        <phase duration="24" state="grr"/>
    </tlLogic>
    <tlLogic id="5305837229" type="static" programID="0" offset="0">
        <phase duration="63" state="GGGG"/>
        <phase duration="3"  state="yggg"/>
        <phase duration="24" state="rggg"/>
    </tlLogic>
    <tlLogic id="5305866751" type="static" programID="0" offset="0">
        <phase duration="50" state="GG"/>
        <phase duration="3"  state="yy"/>
        <phase duration="37" state="rr"/>
    </tlLogic>
    <tlLogic id="5305866752" type="static" programID="0" offset="0">
        <phase duration="50" state="GG"/>
        <phase duration="3"  state="yy"/>
        <phase duration="37" state="rr"/>
    </tlLogic>
    <tlLogic id="5307607946" type="static" programID="0" offset="0">
        <phase duration="63" state="GG"/>
        <phase duration="3"  state="yy"/>
        <phase duration="24" state="rr"/>
    </tlLogic>
    <tlLogic id="5307607947" type="static" programID="0" offset="0">
        <phase duration="63" state="GG"/>
        <phase duration="3"  state="yy"/>
        <phase duration="24" state="rr"/>
    </tlLogic>
    <tlLogic id="5307607951" type="static" programID="0" offset="0">
        <phase duration="63" state="GGG"/>
        <phase duration="3"  state="yyy"/>
        <phase duration="24" state="rrr"/>
    </tlLogic>
    <tlLogic id="5307607952" type="static" programID="0" offset="0">
        <phase duration="63" state="GG"/>
        <phase duration="3"  state="yy"/>
        <phase duration="24" state="rr"/>
    </tlLogic>
    <tlLogic id="5494270496" type="static" programID="0" offset="0">
        <phase duration="67" state="GG"/>
        <phase duration="3"  state="yy"/>
        <phase duration="20" state="rr"/>
    </tlLogic>
    <tlLogic id="5771442298" type="static" programID="0" offset="0">
        <phase duration="52" state="G"/>
        <phase duration="3"  state="y"/>
        <phase duration="35" state="r"/>
    </tlLogic>
    <tlLogic id="5771442308" type="static" programID="0" offset="0">
        <phase duration="43" state="GGG"/>
        <phase duration="3"  state="yyy"/>
        <phase duration="42" state="rrr"/>
    </tlLogic>
    <tlLogic id="5865202396" type="static" programID="0" offset="0">
        <phase duration="62" state="GGG"/>
        <phase duration="3"  state="yyy"/>
        <phase duration="25" state="rrr"/>
    </tlLogic>
    <tlLogic id="5902246681" type="static" programID="0" offset="0">
        <phase duration="82" state="G"/>
        <phase duration="3"  state="y"/>
        <phase duration="5"  state="r"/>
    </tlLogic>
    <tlLogic id="6249235129" type="static" programID="0" offset="0">
        <phase duration="79" state="GG"/>
        <phase duration="6"  state="yy"/>
        <phase duration="5"  state="rr"/>
    </tlLogic>
    <tlLogic id="6249235131" type="static" programID="0" offset="0">
        <phase duration="79" state="GG"/>
        <phase duration="6"  state="yy"/>
        <phase duration="5"  state="rr"/>
    </tlLogic>
    <tlLogic id="6329807257" type="static" programID="0" offset="0">
        <phase duration="52" state="gg"/>
        <phase duration="3"  state="yy"/>
        <phase duration="35" state="rr"/>
    </tlLogic>
    <tlLogic id="6628663162" type="static" programID="0" offset="0">
        <phase duration="70" state="GG"/>
        <phase duration="3"  state="yy"/>
        <phase duration="17" state="rr"/>
    </tlLogic>
    <tlLogic id="6640306192" type="static" programID="0" offset="0">
        <phase duration="80" state="G"/>
        <phase duration="5"  state="y"/>
        <phase duration="5"  state="r"/>
    </tlLogic>
    <tlLogic id="6640652576" type="static" programID="0" offset="0">
        <phase duration="80" state="G"/>
        <phase duration="5"  state="y"/>
        <phase duration="5"  state="r"/>
    </tlLogic>
    <tlLogic id="668955253" type="static" programID="0" offset="0">
        <phase duration="15" state="rrr"/>
        <phase duration="70" state="ggg"/>
        <phase duration="3"  state="yyy"/>
        <phase duration="2"  state="rrr"/>
    </tlLogic>
    <tlLogic id="747478280" type="static" programID="0" offset="0">
        <phase duration="62" state="ggg"/>
        <phase duration="3"  state="yyy"/>
        <phase duration="25" state="rrr"/>
    </tlLogic>
    <tlLogic id="90378707" type="static" programID="0" offset="0">
        <phase duration="50" state="GGGG"/>
        <phase duration="3"  state="yyyy"/>
        <phase duration="37" state="rrrr"/>
    </tlLogic>
    <tlLogic id="90378713" type="static" programID="0" offset="0">
        <phase duration="72" state="GGGGG"/>
        <phase duration="3"  state="yyyyy"/>
        <phase duration="15" state="rrrrr"/>
    </tlLogic>
    <tlLogic id="90378716" type="static" programID="0" offset="0">
        <phase duration="58" state="rrrggg"/>
        <phase duration="3"  state="yyyrrr"/>
        <phase duration="2"  state="rrrrrr"/>
        <phase duration="22" state="gggrrr"/>
        <phase duration="3"  state="yyyrrr"/>
        <phase duration="2"  state="rrrrrr"/>
    </tlLogic>
    <tlLogic id="gneJ23" type="static" programID="0" offset="0">
        <phase duration="67" state="G"/>
        <phase duration="3"  state="y"/>
        <phase duration="20" state="r"/>
    </tlLogic>

</additionals>
