link	ttime	avgspeed	sampledSeconds	entered	left	cost_co	cost_co2	cost_hc	cost_PMx	cost_nox	cost_fuel
-248846659#1	14.0	10.32	645.45	45	0	283.481373	23385.569059	1.823426	0.308723	8.855435	10.052553
1	10.88	13.06	750.11	0	69	147.941356	18564.011012	1.097938	0.253887	6.927314	7.979888
100	14.1	15.78	2479.86	0	176	179.606633	27297.598865	1.433425	0.407042	10.14796	11.734029
11	14.61	11.84	1966.27	131	131	633.627931	40211.072314	3.820977	0.727451	16.159622	17.285044
12	31.31	13.79	4146.13	131	131	882.541902	76961.424449	5.782379	1.262669	29.825204	33.082411
13	14.82	12.92	1990.20	131	131	566.241377	40123.622814	3.504929	0.690348	15.854693	17.247455
132017141#0	0.0	0	0.00	0	0	0.0	0.0	0.0	0.0	0.0	0.0
132017141#1	1.59	10.42	323.06	158	158	68.632496	4785.918673	0.424564	0.081682	1.944256	2.057261
132017141#2	1.24	10.62	40.47	24	24	22.459116	2008.289978	0.147957	0.025814	0.754054	0.863286
132017141#3	0.71	10.13	298.35	253	253	22.400553	1562.74703	0.138383	0.025617	0.628254	0.67176
132017141#4	1.35	9.93	418.94	229	229	33.626286	2537.513706	0.211081	0.035146	0.975312	1.090779
132017141#5	0.74	9.94	349.87	288	288	36.110134	2297.950906	0.218204	0.039871	0.941356	0.987792
132017141#6	0.0	0	0.00	0	0	0.0	0.0	0.0	0.0	0.0	0.0
132017142	20.81	16.20	506.54	24	24	527.130972	61255.253991	3.810463	1.020861	23.677613	26.330845
132017149	11.6	12.61	3449.45	288	288	325.587957	30604.329651	2.194031	0.485143	11.992938	13.155469
132017150	0.0	0	0.00	0	0	0.0	0.0	0.0	0.0	0.0	0.0
132017151	23.42	13.17	428.04	18	18	315.694479	43405.306088	2.42451	0.570746	16.006397	18.65813
135657120	14.54	21.48	3231.80	219	219	465.243169	51435.747585	3.368962	0.965008	19.678047	22.109841
135657123	2.86	18.63	681.34	219	219	397.902515	28226.421052	2.500224	0.609116	11.997754	12.133158
14	45.54	15.37	6006.36	131	131	776.792392	103335.020475	5.883329	1.575755	38.88252	44.419158
142362576	109.23	21.57	26596.38	243	243	2605.176657	327432.466258	19.815057	5.927515	122.3451	140.748204
142362585	16.3	21.48	4098.27	248	248	383.787432	48184.745123	2.915668	0.871457	18.017316	20.712412
142362611	14.55	16.46	430.43	29	29	279.420801	33013.978905	2.039914	0.550632	12.501853	14.19123
142362617	12.86	16.21	710.12	54	54	256.569569	28621.536238	1.831868	0.482487	10.916772	12.303115
142362623	2.92	11.85	189.02	57	57	252.871496	17001.52758	1.557036	0.331345	7.167211	7.308173
142362634	16.35	15.67	632.94	38	38	204.940831	32628.297231	1.663746	0.475597	12.030594	14.025471
142362639	20.97	15.30	21.28	1	1	513.930854	55390.545255	3.644798	0.93699	21.732762	23.809866
142362642	21.74	13.08	840.03	38	38	304.178862	40746.501443	2.311016	0.539519	15.054312	17.515221
148050996	0.09	20.57	16.56	51	51	1.120893	157.751328	0.008886	0.002752	0.058047	0.06781
148051000	3.35	15.83	186.16	51	51	43.329939	6547.228622	0.340312	0.097354	2.42873	2.814364
148051003	21.31	15.74	1102.34	51	51	305.254516	46977.110087	2.442909	0.689067	17.385966	20.193394
15	1.93	8.06	329.93	131	131	84.334221	4292.134769	0.485762	0.085108	1.842497	1.845004
152051288	109.12	21.57	28866.29	264	264	2609.052548	326428.97445	19.810443	5.917197	122.06172	140.316843
152051296	57.44	21.53	14012.06	243	243	1362.009309	171634.659447	10.368275	3.103005	64.124268	73.777871
158879913	48.36	12.91	292.34	6	6	629.949277	84611.87441	4.793118	1.11029	31.240218	36.371125
158879917	21.92	15.99	177.75	8	8	326.414652	50252.270384	2.618485	0.749928	18.655732	21.601225
158888001	53.75	21.57	14248.52	264	264	1278.388659	161009.398207	9.732638	2.913213	60.143035	69.210559
158888002	227.56	21.57	55351.44	243	243	5445.923055	682717.779781	41.384059	12.368943	255.206239	293.469063
158888013	27.74	15.56	6142.49	219	219	357.735907	56653.638873	2.902424	0.827535	20.921133	24.352907
158888040	4.93	15.67	1770.44	338	338	227.797119	21046.207865	1.532185	0.383076	8.462856	9.046786
158888049	19.99	13.17	5310.65	261	261	282.750253	37016.807245	2.131752	0.500754	13.75537	15.911969
16	36.69	15.32	4846.52	131	131	840.871109	96859.846378	6.057729	1.579084	37.374489	41.635683
160289846#0	68.12	10.00	12415.96	181	181	1477.286989	114938.86673	9.347783	1.55685	43.890927	49.407782
17	41.91	15.39	5530.21	131	131	899.541431	108311.874183	6.584199	1.734714	41.517272	46.558414
18	51.17	12.95	6906.20	134	134	785.547394	97816.925024	5.809873	1.329727	36.439369	42.047403
185675533	388.49	21.57	284538.50	732	732	9236.064144	1164559.84633	70.341845	21.063658	434.913354	500.590895
185675534	48.76	21.57	28068.45	573	573	1161.625701	146332.884861	8.843396	2.647333	54.65818	62.901799
188949094#0	3.69	10.70	1187.23	288	249	108.160021	7043.356576	0.65745	0.127032	2.887322	3.027634
188949094#1	2.7	13.74	800.62	267	0	379.421934	25142.614617	2.334912	0.525521	10.796648	10.807605
19	20.61	11.16	2818.80	134	134	548.818482	40546.145023	3.43099	0.617302	15.63568	17.42917
19a	17.61	15.12	2401.40	134	134	575.079424	55170.347148	3.892114	0.940487	21.699504	23.71525
2	10.83	13.12	634.06	57	0	152.735136	19985.272741	1.151	0.269287	7.418586	8.59083
20	23.72	15.75	3218.48	134	134	347.384751	53387.178416	2.779246	0.786762	19.784174	22.948795
21	12.47	17.86	1706.78	134	134	399.560301	41709.899481	2.804146	0.760685	16.373713	17.929141
22	86.45	12.38	11636.07	134	134	1649.543547	164288.406633	11.261885	2.311132	61.848534	70.620859
23	64.87	12.89	8742.49	134	134	1163.812354	131860.195846	8.314141	1.860881	49.721724	56.681148
24	22.89	17.80	3103.25	134	134	775.509343	78474.392641	5.384333	1.437712	30.970254	33.732481
24328854#0	0.0	0	0.00	0	0	0.0	0.0	0.0	0.0	0.0	0.0
24328854#1	3.99	12.38	126.89	29	29	270.822506	19713.231311	1.700706	0.366286	8.161008	8.473821
24328854#2	1.08	12.67	21.35	15	15	23.565336	2529.318277	0.165916	0.036365	0.962698	1.087247
24328854#3	0.74	12.99	16.54	15	15	23.62873	2380.388672	0.162086	0.037273	0.925301	1.023225
24328854#4	0.0	0	0.00	0	0	0.0	0.0	0.0	0.0	0.0	0.0
24328854#5	0.31	10.36	41.63	54	54	35.081186	2097.600754	0.20978	0.041839	0.896856	0.901663
24330636	28.59	15.76	6327.67	219	219	400.133542	62485.849049	3.225651	0.916177	23.112204	26.859916
24347613	13.29	17.86	731.89	54	54	672.576612	60491.497876	4.501238	1.156682	24.413316	26.002441
24443869	29.78	12.99	4009.35	133	133	421.715955	54981.962074	3.176785	0.734906	20.404257	23.634447
24443872	8.71	13.19	1079.26	119	119	115.352264	15781.967158	0.883011	0.208945	5.829174	6.784007
24443879.82	13.85	15.57	401.51	0	29	159.2229	24254.086493	1.264228	0.360844	9.017703	10.425757
24443883	25.56	12.99	2100.04	81	81	362.83296	47435.306038	2.73681	0.633513	17.605123	20.390455
24443886	39.22	13.04	3048.13	77	77	570.63351	73319.476423	4.268804	0.990892	27.273205	31.516968
245327987	8.32	21.51	2066.98	242	242	191.822097	24894.312016	1.477521	0.446322	9.257643	10.700926
245327988#1	8.41	21.45	2252.44	262	0	236.429608	27192.076402	1.737851	0.503259	10.327055	11.688617
245328442	61.05	21.53	16176.30	264	264	1453.630894	183347.571343	11.071123	3.314539	68.492381	78.812715
248722719	1.48	9.87	450.10	229	229	151.655907	8933.159922	0.903394	0.177331	3.816396	3.839962
248722721#0	2.36	8.34	685.92	234	234	65.700782	3766.137943	0.386142	0.060822	1.51957	1.618915
248722721#1	0.83	8.99	6.80	5	5	28.384743	1806.795799	0.170954	0.028344	0.720675	0.77667
248722721#2	0.19	8.95	99.59	139	139	11.060142	639.111962	0.065325	0.011371	0.264762	0.274728
248722721#3	0.91	8.96	135.36	94	94	24.225399	1542.87401	0.14546	0.02179	0.599616	0.663224
248722721#4	0.52	8.59	197.19	184	184	20.674375	1188.517296	0.121694	0.019736	0.483072	0.510896
248722721#5	1.32	8.65	98.93	53	53	82.873189	4669.697855	0.486384	0.081943	1.928608	2.007311
248722721#6	0.39	8.69	218.01	234	234	22.507331	1251.84696	0.131841	0.022702	0.522146	0.538117
248722722#0	68.83	12.17	15852.00	229	229	1347.450324	131870.445292	9.160076	1.878532	49.965529	56.685674
248722722#1	84.81	12.59	19507.40	229	229	1612.346989	174130.92156	11.343652	2.489673	66.105847	74.851549
248722725	2.11	7.31	499.53	181	181	91.43544	4426.728781	0.520889	0.086504	1.893178	1.902866
248722726	1.99	7.79	233.86	90	90	84.168762	4410.529724	0.487108	0.083144	1.862252	1.895901
248846659#1.206	13.79	10.39	1239.96	0	90	256.428907	21378.609979	1.654168	0.279673	8.075895	9.189841
248927010	0.37	7.62	129.63	131	131	35.95801	1822.430087	0.206981	0.0364	0.784136	0.783384
248927011	2.34	8.26	527.69	181	181	94.994934	4916.39357	0.548736	0.095207	2.092137	2.113348
249236831	15.13	9.77	2827.39	181	181	598.932623	38775.838621	3.626726	0.628104	15.572501	16.668155
249236832	13.02	12.62	2424.60	181	181	365.03393	34066.448776	2.4547	0.542324	13.365253	14.643682
249270205#0	14.52	12.21	2698.40	181	181	248.853235	26397.551423	1.738419	0.372896	9.972693	11.347208
249270205#0.177	1.29	9.90	320.56	181	181	45.582613	2341.488998	0.262355	0.042618	0.972744	1.006511
249443656#0	14.66	13.07	2719.88	181	181	538.623295	38862.415551	3.345649	0.667166	15.338436	16.705309
249443656#3	31.91	13.53	5838.75	181	181	848.250125	72015.430039	5.494185	1.155252	27.609533	30.95641
249443656#3.432	12.03	14.39	2236.84	181	181	402.293158	34759.617833	2.636523	0.598724	13.782114	14.941614
25	73.79	12.94	9936.38	134	134	1129.997359	140296.108137	8.347563	1.91244	52.354109	60.307415
251259917	13.56	12.22	2454.38	176	176	255.672043	25756.977912	1.754939	0.37843	9.851278	11.071838
251259918	3.48	9.82	273.34	69	69	110.355534	6942.763334	0.665614	0.124714	2.860293	2.984396
251259919	10.2	11.48	1390.06	131	131	231.544831	19720.543595	1.509528	0.305581	7.696924	8.477031
26	1.99	8.06	345.73	134	134	80.30318	4141.645211	0.463656	0.080959	1.76871	1.780316
27	2.1	17.71	708.81	0	338	1.070984	204.969903	0.009429	0.002863	0.073937	0.088108
28	2.55	15.46	966.97	338	338	24.182538	3765.01023	0.193835	0.054654	1.391633	1.618413
29	3.68	15.90	628.09	158	158	54.129434	8474.010467	0.43544	0.124673	3.132584	3.642603
294492782	17.73	21.53	12996.97	724	724	423.291722	53336.964622	3.222216	0.964442	19.926322	22.927116
30	34.56	12.94	6287.15	180	180	523.395932	65539.100682	3.877751	0.889876	24.436514	28.172513
311202397	3.83	15.23	1194.00	288	288	60.497959	8442.745641	0.465868	0.126436	3.166305	3.629164
311202398#0	4.67	11.74	801.22	158	158	117.083341	8412.643375	0.729153	0.149227	3.407022	3.616227
311202398#1	13.68	11.97	2223.71	158	158	487.705597	39260.472466	3.140102	0.670096	15.771609	16.876347
319611361#1	0.0	0	0.00	0	0	0.0	0.0	0.0	0.0	0.0	0.0
319611361#1.82	0.0	0	0.00	0	0	0.0	0.0	0.0	0.0	0.0	0.0
319611362	9.49	21.55	6868.61	0	724	211.858608	25818.688086	1.591838	0.471404	9.697351	11.098267
319611363	2.71	21.56	1680.00	573	573	65.294555	8142.584068	0.49527	0.147733	3.04724	3.500123
319611365	5.75	21.55	4372.20	732	732	145.970358	17928.391653	1.100389	0.32658	6.72648	7.706592
319611367	8.35	21.57	4909.36	573	573	194.539676	24680.483828	1.485566	0.445685	9.208485	10.609009
319611368	9.01	21.57	6756.54	732	732	215.369119	27019.956092	1.637036	0.489418	10.098781	11.61464
319611370	17.65	21.54	10330.26	579	0	431.412356	53350.666166	3.260621	0.969475	19.99027	22.933002
319611372	13.94	21.56	8111.28	573	573	330.239925	41639.372712	2.514766	0.753009	15.551462	17.898858
319611376	49.13	21.57	36126.19	732	732	1166.138305	147093.399665	8.882664	2.660271	54.928541	63.22871
319615436	5.9	21.31	3362.48	552	0	225.758723	22792.398035	1.582894	0.438039	8.883446	9.797385
319615438	7.07	21.36	5334.85	732	732	163.154303	20313.436441	1.23634	0.368669	7.60288	8.731814
319615439	21.9	21.55	10417.15	471	471	529.418456	66505.863703	4.026251	1.203884	24.856989	28.587821
319615440	11.41	21.43	6663.25	573	573	359.651475	39139.889899	2.589759	0.73636	15.020954	16.82442
319615442	8.42	21.53	4914.13	569	569	202.580483	25116.1683	1.532799	0.456468	9.405901	10.796288
319615443	8.62	21.54	4904.72	0	569	190.292773	23703.171961	1.442525	0.430031	8.874222	10.188906
319615444	377.18	21.57	216251.11	573	573	8979.792146	1129867.970103	68.332909	20.448354	422.097907	485.678439
319615445	3.35	15.35	296.05	81	81	32.643535	5475.18946	0.272265	0.078941	2.012636	2.353543
34634650	0.0	0	0.00	0	0	0.0	0.0	0.0	0.0	0.0	0.0
354388194	40.32	21.57	18525.97	457	457	966.789769	121366.501491	7.351289	2.198084	45.357985	52.169894
354388196	8.83	21.55	3329.39	368	368	212.865528	26478.807281	1.612694	0.48067	9.91278	11.382024
354388197	9.92	21.55	4633.65	457	457	232.141391	29469.82311	1.772165	0.531848	10.994644	12.667727
354388200	9.66	21.55	5297.56	536	536	231.012935	28995.634131	1.75572	0.524996	10.837163	12.463893
354388205	6.61	19.06	3134.98	457	457	553.033107	42317.69077	3.548075	0.873869	17.547826	18.190348
354388209	20.07	21.55	6432.68	317	317	482.423291	60444.089456	3.663636	1.094848	22.597683	25.982142
354388212	27.55	21.52	11441.56	412	412	646.515393	81596.483087	4.923445	1.474363	30.479039	35.074588
354388214	21.92	21.40	11869.05	536	536	720.92145	77275.118621	5.16359	1.460113	29.750979	33.216978
354388217	13.31	21.58	8171.35	604	604	319.836239	39865.786706	2.424667	0.723449	14.913947	17.136473
354388220	4.89	21.54	1242.65	243	243	121.683341	15124.443885	0.921604	0.27462	5.662074	6.501304
354388221	227.45	21.57	60104.18	264	264	5404.724045	681104.108628	41.154632	12.321352	254.386493	292.775434
354388223	10.64	20.02	554.57	51	51	574.980203	51398.356658	3.860917	1.01713	20.660173	22.093713
354388224	28.14	20.77	5447.35	192	192	604.124892	79581.863736	4.658965	1.404829	29.692191	34.208602
354388229	13.2	11.55	3116.93	229	229	287.531871	24645.45983	1.880538	0.381114	9.628945	10.594043
354388232	11.17	13.00	1545.84	134	134	254.502004	26855.261068	1.77906	0.405912	10.330826	11.543917
354388234	11.15	13.83	1436.75	125	125	224.842586	22796.244723	1.541261	0.367438	8.779441	9.799106
354388235	10.76	15.76	1791.40	162	162	145.03277	23235.591999	1.184059	0.338699	8.586177	9.987958
354388253	2.75	17.97	1018.02	338	338	35.580397	5113.188967	0.280915	0.084326	1.908267	2.197928
354388254	1.95	17.17	360.55	162	162	80.099949	7463.49724	0.538956	0.137166	2.978317	3.208211
354388265	3.45	18.10	493.71	133	133	242.638309	20445.7718	1.595698	0.406004	8.379741	8.78866
354388269	7.96	6.29	1855.64	213	213	249.609921	9401.954789	1.352035	0.178977	3.90954	4.041569
354388273#0	6.8	15.65	1150.31	162	162	91.958349	14041.847044	0.73446	0.20828	5.217512	6.035969
354388274#0	2.18	17.96	826.17	338	338	189.501187	15072.82869	1.226998	0.306696	6.254718	6.479084
354388274#1	0.98	18.58	416.75	338	338	29.149462	3278.230705	0.209258	0.058739	1.268037	1.409159
354388275	2.86	15.97	394.21	125	125	43.002567	6494.028241	0.34326	0.097397	2.416257	2.791495
354388279	49.62	13.06	4048.47	81	81	727.553723	94731.152974	5.46797	1.273208	35.180113	40.720953
354388280	0.0	0	0.00	0	0	0.0	0.0	0.0	0.0	0.0	0.0
354388286	13.12	11.88	2880.05	213	213	1114.580976	65863.684602	6.632604	1.286355	27.638585	28.311886
389783905	5.27	21.18	2020.21	368	368	112.398676	14263.624908	0.858058	0.257492	5.321247	6.131279
389783908	12.71	21.51	3028.36	235	0	308.377287	37961.87881	2.325461	0.690753	14.237932	16.318068
389783911.154	22.48	21.53	5349.16	0	238	513.617026	64082.937101	3.895297	1.162019	23.983234	27.546314
389783912	42.8	21.57	15830.15	368	368	1027.474499	129079.067003	7.811346	2.336699	48.230622	55.485172
404935451	9.0	11.72	508.01	54	54	202.251871	17538.06589	1.328405	0.275792	6.867955	7.538867
404935462	10.95	13.07	169.75	15	15	156.242759	20242.711719	1.170736	0.268881	7.494568	8.701499
462392853	0.59	16.66	141.89	162	162	10.148068	868.316652	0.066875	0.016874	0.355089	0.373248
462392854	8.53	21.57	4000.83	457	457	205.812553	25919.154018	1.567205	0.469048	9.682054	11.141456
462392856	13.31	21.53	3287.33	243	243	310.52081	39010.401677	2.36008	0.7058	14.578904	16.768783
462392857	2.85	20.52	157.13	51	51	53.049003	7455.110216	0.418317	0.128986	2.750805	3.204613
462392859	15.31	20.36	792.48	51	51	317.020557	41972.926369	2.442761	0.736623	15.636054	18.042244
462392864	3.8	21.56	2429.51	604	604	89.806329	11231.855732	0.681897	0.203628	4.200638	4.82806
462392865	6.93	21.57	4317.17	604	604	161.705568	20714.04366	1.239511	0.373027	7.716762	8.904019
462392866	1.49	14.80	521.47	288	288	130.091314	10158.180748	0.835899	0.198162	4.224016	4.366522
462392867	2.0	15.27	665.60	288	288	32.024126	4496.217162	0.246451	0.067309	1.684567	1.932725
462392868	10.73	21.54	3899.62	356	356	254.171311	32129.470353	1.937849	0.580573	11.997778	13.810987
462392869	5.82	21.55	3424.11	569	0	152.049347	18506.193689	1.141912	0.337864	6.954962	7.954962
462392870	11.87	21.52	6589.79	545	545	284.902026	35459.171176	2.157881	0.643289	13.274504	15.24227
462392872	7.22	21.54	2698.08	0	374	147.417949	18418.511735	1.118595	0.33392	6.889893	7.917273
5	117.73	12.94	15470.16	131	131	1953.911202	233473.336127	14.228693	3.257853	87.682368	100.360337
516175821	15.45	21.54	4325.52	0	280	344.799531	43734.796626	2.630906	0.789269	16.321587	18.799585
527319195	15.02	21.49	4023.66	264	264	357.787052	45041.319976	2.720921	0.813985	16.834251	19.361198
527319202	5.7	21.54	1658.04	280	280	134.125987	16777.239121	1.018783	0.304186	6.275115	7.211765
527319204	10.95	21.57	2948.11	264	264	261.091809	32599.543496	1.980218	0.591226	12.191838	14.013048
527319205	14.51	21.59	3578.54	243	243	345.905048	43162.539521	2.624613	0.78325	16.145061	18.553596
527319206	35.5	21.57	9430.26	264	264	840.594932	105773.61836	6.397162	1.914368	39.513382	45.467229
549319302	1.32	6.81	365.22	181	181	42.535061	1906.517531	0.238213	0.03533	0.804604	0.819538
549319303	1.84	7.22	326.82	131	131	61.499963	2771.170892	0.344747	0.051196	1.168296	1.191218
549319305	1.46	7.09	385.70	181	181	50.215603	2302.81451	0.28256	0.043061	0.973849	0.989889
549517179#0	75.16	12.73	17297.73	229	229	1389.73921	156198.48809	9.914845	2.219448	59.131033	67.143131
549802402	1.79	10.18	101.77	45	45	84.429413	5905.2898	0.521101	0.092394	2.344648	2.538443
561990751#1	21.8	12.26	5081.28	229	229	661.943715	46781.778081	4.083291	0.772019	18.186922	20.109575
561990751#2	51.18	17.34	11782.34	229	229	1335.171571	150600.171535	9.574952	2.595112	58.107707	64.736129
598399304	8.81	21.54	5454.64	604	604	234.701679	27837.118383	1.745701	0.51216	10.508409	11.965894
598399305	57.12	21.57	13934.64	243	243	1381.31337	172054.410381	10.471324	3.123021	64.384044	73.958296
598399306	9.49	21.55	2360.27	243	243	224.93813	28023.369231	1.704653	0.508483	10.486458	12.045961
598399307	5.51	21.57	1392.52	243	243	132.608636	16560.796377	1.006731	0.300452	6.194826	7.118727
598399308	15.71	21.56	3870.10	243	243	388.850632	47927.266447	2.935061	0.872357	17.967421	20.601731
598399309	11.15	21.58	2762.81	243	243	273.912829	33849.128805	2.069813	0.615692	12.684048	14.550186
6	12.86	12.70	1733.64	131	131	198.63934	24020.486991	1.452851	0.330934	8.991931	10.325399
621945350	23.23	17.49	5382.58	229	229	767.751046	79341.290387	5.357183	1.432752	31.214282	34.105132
621945352	12.94	17.21	3025.32	229	229	590.654169	53150.769413	3.951331	1.010761	21.472876	22.84701
621945353	24.63	15.22	5712.89	229	229	400.484524	55248.400381	3.077423	0.832197	20.761865	23.748845
67446110	17.54	15.48	285.50	16	16	191.601781	33389.040599	1.605427	0.46441	12.18117	14.352496
67446155	22.36	21.57	5961.91	264	264	551.714402	67465.29459	4.152606	1.23095	25.325641	29.000229
67446165	20.74	20.53	943.79	45	45	427.108661	59188.815253	3.355594	1.025969	21.933907	25.442575
67446167	18.9	18.01	268.35	14	14	937.206668	77607.749831	6.125647	1.547536	31.485955	33.359902
67446185	19.99	12.85	20.36	1	1	267.414613	38857.729947	2.099878	0.481836	14.172397	16.703346
6a	16.08	9.19	2173.75	131	131	349.70839	23849.819239	2.137147	0.335441	9.19966	10.252133
7	71.54	9.27	9438.41	131	131	2317.219096	138538.067041	13.736277	2.106381	54.537784	59.55226
77477309	14.32	15.53	2376.58	163	0	372.549312	41478.350209	2.65562	0.691237	16.117106	17.82966
77477317	41.11	15.69	7496.36	181	181	733.892812	98986.217641	5.592698	1.535476	37.3588	42.549757
77477323	8.88	13.11	1672.58	181	181	189.600384	21209.629359	1.351431	0.312094	8.087346	9.117109
77477324#0	47.48	14.76	8652.49	181	181	1187.663904	122065.001803	8.201279	1.986691	47.003579	52.470363
77477329#0	1.62	11.57	297.22	147	147	41.091807	3723.751889	0.273262	0.055537	1.442756	1.600685
77477329#1	0.47	11.07	180.68	201	201	20.378674	1472.253632	0.127304	0.025068	0.595443	0.632858
77477329#2	1.52	11.73	70.22	38	38	40.72302	3872.150736	0.274862	0.055942	1.485774	1.664477
77477329#3	0.87	10.57	281.40	214	214	61.290919	3911.182765	0.372141	0.075681	1.652148	1.68124
77477329#4	1.37	11.67	277.16	157	157	52.685679	4269.799941	0.339933	0.070774	1.707367	1.835401
77477329#5	0.42	11.54	187.30	226	226	19.482387	1463.241147	0.123078	0.025077	0.59243	0.628983
77477329#6	1.68	11.69	93.69	45	45	43.501955	3860.427084	0.287853	0.059417	1.508817	1.659434
77477329#7	0.62	11.05	184.68	176	176	47.421083	3094.952457	0.289352	0.058496	1.29693	1.330381
77477331	13.1	12.85	2196.09	163	163	277.803956	30476.049089	1.965991	0.443522	11.605997	13.100355
77477334#0	0.41	10.27	114.88	131	131	10.632222	847.66863	0.067842	0.011922	0.326164	0.364379
77477334#1	0.0	0	0.00	0	0	0.0	0.0	0.0	0.0	0.0	0.0
77477334#2	3.68	9.75	753.64	181	181	239.279603	14610.100891	1.432954	0.2635	6.059368	6.280256
77477334#3	0.0	0	0.00	0	0	0.0	0.0	0.0	0.0	0.0	0.0
77477334#4	3.17	9.45	480.85	131	131	218.601306	13034.070169	1.301645	0.235721	5.414874	5.602791
77477351	11.82	18.01	350.49	29	29	637.143272	57008.893669	4.252369	1.095204	23.022679	24.505429
77477353	1.22	12.48	288.87	181	181	120.509227	8394.661268	0.749242	0.163165	3.528766	3.608476
77477359	0.98	11.11	184.77	131	131	85.114313	5518.242299	0.519085	0.107542	2.333234	2.37204
77477369#0	0.0	0	0.00	0	0	0.0	0.0	0.0	0.0	0.0	0.0
77477369#1	4.69	11.42	669.49	131	131	194.469483	14750.844454	1.234782	0.268264	6.054654	6.34072
77477369#2	0.54	8.63	143.34	131	131	35.220772	1962.901159	0.207096	0.039194	0.842232	0.843764
77477369#3	0.0	0	0.00	0	0	0.0	0.0	0.0	0.0	0.0	0.0
77477369#4	5.46	12.18	1059.52	181	181	332.276263	23916.051771	2.079791	0.442485	9.895863	10.280428
77477376	1.06	9.51	282.00	181	181	102.201662	5921.020041	0.606234	0.116885	2.527268	2.545181
77477384	0.98	11.75	181.28	131	131	91.214729	6109.939571	0.561159	0.119135	2.577877	2.626381
77477389#0	0.33	9.80	107.39	131	131	5.407476	401.895653	0.033817	0.005655	0.155106	0.172759
77477389#1	0.0	0	0.00	0	0	0.0	0.0	0.0	0.0	0.0	0.0
77477389#2	4.15	8.97	847.45	181	181	241.052949	13973.327384	1.42665	0.257938	5.845594	6.006535
77477389#3	0.0	0	0.00	0	0	0.0	0.0	0.0	0.0	0.0	0.0
77477389#4	2.55	9.87	397.04	131	131	124.947093	7948.302054	0.755423	0.140415	3.273043	3.416635
77477395	36.1	15.57	6590.08	181	181	720.759719	90837.705602	5.351167	1.442017	34.604163	39.047054
77477398	0.55	10.57	181.73	181	181	5.098104	396.443564	0.032368	0.006175	0.156292	0.170415
77477402	120.3	12.66	21841.49	181	181	2152.538632	241483.09479	15.345448	3.421357	91.373279	103.803397
8	2.38	9.53	377.62	131	131	247.584523	13440.046994	1.447041	0.266283	5.728205	5.777287
9	14.82	12.81	1990.57	131	131	345.989762	35091.581975	2.387949	0.534036	13.553094	15.084359
95223234	19.82	13.17	2396.85	119	0	291.759817	38172.625363	2.197993	0.518655	14.20216	16.408803
95223237	12.71	21.56	6362.20	492	492	304.683206	38060.454691	2.311455	0.690087	14.236116	16.360443
95223238	5.32	13.21	675.93	119	119	79.368307	10328.590312	0.597188	0.140404	3.845149	4.439826
95223244	4.5	15.26	639.27	133	133	237.961047	20770.712409	1.573693	0.385551	8.441209	8.928359
95223248	8.48	15.71	1167.49	133	133	116.073444	18863.655997	0.950253	0.27284	6.953121	8.108657
95710171#0	0.0	0	0.00	0	0	0.0	0.0	0.0	0.0	0.0	0.0
95710171#1	0.0	0	0.00	0	0	0.0	0.0	0.0	0.0	0.0	0.0
95710171#2	0.0	0	0.00	0	0	0.0	0.0	0.0	0.0	0.0	0.0
95710171#3	3.39	11.77	53.10	14	14	326.197698	21616.004728	2.001017	0.422971	9.130162	9.291725
95710174	6.41	15.82	94.00	14	14	212.596956	22845.821853	1.495755	0.388731	8.935275	9.820375
95710174.113	9.93	15.80	143.19	14	14	135.695013	21791.131019	1.095867	0.314761	8.022197	9.367051
96039762	0.0	0	0.00	0	0	0.0	0.0	0.0	0.0	0.0	0.0
96039763	4.25	21.54	1592.89	356	356	101.579794	12713.245382	0.77115	0.230316	4.75485	5.464841
96039766	15.27	21.54	5512.93	356	356	364.628018	45691.845634	2.769907	0.827574	17.085861	19.640829
96065606	15.96	12.27	964.59	59	59	271.267723	27894.20455	1.877019	0.405641	10.623879	11.990545
96065608	3.91	21.47	2496.82	604	604	90.353698	11344.399678	0.687104	0.20545	4.23977	4.876437
96183767	41.82	19.53	588.95	14	14	1378.148085	142010.325691	9.687755	2.653466	55.175677	61.043645
96183773	0.0	0	0.00	0	0	0.0	0.0	0.0	0.0	0.0	0.0
96183778	0.0	0	0.00	0	0	0.0	0.0	0.0	0.0	0.0	0.0
:100_0	0.0	0	0.00	0	0	0.0	0.0	0.0	0.0	0.0	0.0
:100_1	1.37	21.57	911.38	573	573	32.724893	4069.168411	0.2479	0.073891	1.523238	1.749149
:101_0	0.38	21.56	438.70	732	732	8.565716	1109.586571	0.065928	0.019918	0.41256	0.476961
:102_0	0.38	21.57	341.40	573	573	9.190271	1176.001522	0.070444	0.021183	0.438366	0.505509
:103_0	0.37	21.58	434.21	732	732	9.037505	1135.478766	0.068747	0.020559	0.424351	0.48809
:104_0	0.38	21.57	341.05	573	573	9.537368	1134.89852	0.070995	0.020868	0.427854	0.487841
:105_0	0.01	21.57	168.67	732	732	0.252219	30.770894	0.001897	0.000562	0.011554	0.013227
:106_0	0.01	21.56	134.51	573	573	0.335561	42.262296	0.002552	0.000764	0.015786	0.018167
:107_0	0.38	21.55	438.81	732	732	9.515948	1193.367426	0.072284	0.021603	0.446237	0.512974
:108_0	0.85	14.19	92.03	81	81	76.722382	5579.973916	0.483613	0.112174	2.35368	2.398565
:108_1	0.6	21.57	402.65	492	492	13.274682	1663.821338	0.100863	0.030149	0.621834	0.7152
:109_0	0.86	14.64	308.46	261	261	0.730789	88.969761	0.00537	0.001354	0.033318	0.038244
:109_1	0.89	21.54	524.50	471	471	20.564708	2593.030254	0.156651	0.046904	0.968445	1.114625
:10_0	1.9	9.22	381.04	158	158	192.596994	10625.077081	1.129185	0.208799	4.536137	4.567253
:10_1	0.0	0	0.00	0	0	0.0	0.0	0.0	0.0	0.0	0.0
:110_0	0.92	15.80	94.07	77	77	0.0	0.0	0.0	0.0	0.0	0.0
:110_1	0.68	21.56	443.88	492	492	16.984186	1999.391468	0.126017	0.036896	0.755319	0.859446
:111_0	0.38	21.58	340.62	569	569	9.366658	1175.16035	0.071195	0.02129	0.439103	0.505148
:114_0	1.0	14.26	107.64	81	81	95.068704	6890.307893	0.598696	0.139203	2.911316	2.961815
:114_1	0.66	21.56	415.97	471	471	16.964984	2044.247246	0.126884	0.037437	0.769282	0.878728
:115_0	0.63	13.17	80.59	81	81	1.151551	131.852198	0.008291	0.001838	0.049735	0.056678
:115_1	0.59	15.78	72.39	81	81	8.447323	1411.6355	0.070591	0.020333	0.518923	0.6068
:116_0	0.56	13.30	74.50	81	81	0.531743	74.34729	0.004093	0.000975	0.027412	0.031959
:117_0	0.6	13.83	239.60	261	261	33.131029	2800.237583	0.217121	0.050865	1.138809	1.203693
:117_1	0.64	13.79	76.02	77	77	42.177394	3302.167939	0.270896	0.06272	1.3654	1.419448
:118_0	3.92	15.86	898.81	213	213	53.533162	8642.885796	0.43694	0.125806	3.186507	3.715196
:118_4	3.92	15.82	282.97	67	67	53.745408	8863.774506	0.440645	0.127321	3.251937	3.810148
:118_5	3.83	16.05	239.29	58	58	60.779531	8926.665186	0.479576	0.136355	3.339999	3.837175
:119_0	0.56	15.74	139.44	162	162	8.948149	1260.071159	0.069432	0.019294	0.473633	0.541648
:11_0	1.59	11.47	268.78	134	134	95.217707	6845.851011	0.595233	0.122947	2.812644	2.942727
:11_1	1.67	10.65	50.80	24	24	36.340653	2972.085882	0.233606	0.041636	1.14176	1.277582
:120_0	0.02	15.99	39.00	125	125	0.24341	33.618834	0.001872	0.000521	0.012663	0.014451
:121_0	0.11	2.89	371.72	213	213	16.222086	436.093892	0.084107	0.009408	0.192839	0.187463
:122_0	0.54	15.97	134.20	162	162	3.665962	371.533553	0.02545	0.00661	0.147386	0.159705
:123_0	4.27	11.58	313.86	67	67	550.025575	33462.808171	3.30823	0.688422	14.369925	14.384105
:123_1	0.0	0	0.00	0	0	0.0	0.0	0.0	0.0	0.0	0.0
:123_2	4.14	11.85	263.13	58	58	549.554861	33958.704659	3.318743	0.700463	14.586301	14.597259
:123_3	2.81	17.02	470.12	152	152	143.709805	13031.442548	0.964922	0.246944	5.266359	5.601603
:123_5	0.0	0	0.00	0	0	0.0	0.0	0.0	0.0	0.0	0.0
:123_6	2.91	17.01	194.82	61	61	141.626927	13472.833967	0.962198	0.249152	5.395831	5.79134
:124_0	0.46	17.46	118.74	162	162	15.350034	1376.291891	0.102161	0.026221	0.556606	0.591603
:125_0	0.16	18.54	141.28	338	338	6.351068	626.899618	0.043713	0.011777	0.248336	0.269475
:125_3	0.0	0	0.00	0	0	0.0	0.0	0.0	0.0	0.0	0.0
:126_0	0.56	10.25	27.09	29	29	6.3722	462.898057	0.039648	0.006778	0.180657	0.198982
:126_1	0.35	18.40	80.88	133	133	6.000128	862.628406	0.0473	0.014232	0.32217	0.370805
:127_0	0.44	18.63	234.28	338	338	9.727299	1310.483402	0.074664	0.022072	0.493014	0.563317
:128_0	0.75	16.20	229.30	219	219	1.361692	149.843458	0.009722	0.00256	0.058325	0.064411
:128_1	0.85	13.88	142.11	119	119	0.96675	128.777975	0.007372	0.001716	0.047735	0.055356
:129_0	0.5	16.27	105.03	133	133	26.71226	2398.6276	0.178447	0.045151	0.971644	1.031057
:12_0	2.12	9.51	599.14	229	229	190.569577	10824.722458	1.124682	0.211393	4.607925	4.65307
:12_1	1.89	10.65	56.13	24	24	35.526424	3330.141845	0.237262	0.040961	1.23625	1.4315
:132_0	0.006362612	15.72	41.04	133	133	0.082859	14.777789	0.000695	0.000206	0.005374	0.006352
:133_0	0.02	13.20	44.79	119	119	0.250391	33.267213	0.001901	0.000452	0.012372	0.0143
:134_0	0.02	13.30	49.91	133	133	0.703624	61.964906	0.004667	0.001078	0.02489	0.026636
:135_0	0.02	13.24	45.30	119	119	0.364348	47.261962	0.002723	0.000649	0.017624	0.020316
:137_0	0.56	14.05	119.66	133	133	0.16688	38.311548	0.001556	0.000426	0.013324	0.016469
:137_1	0.37	21.51	138.43	235	235	8.462146	1060.479505	0.064264	0.019206	0.396502	0.455851
:138_0	0.65	9.66	218.55	219	219	5.784127	380.979561	0.035029	0.005394	0.147928	0.163769
:138_1	0.33	21.56	131.81	238	238	8.989203	1039.500468	0.066182	0.01927	0.393925	0.446833
:139_0	0.35	21.59	210.63	368	368	8.982596	1107.308283	0.067806	0.020162	0.41491	0.475981
:13_0	2.13	12.54	60.17	24	24	173.212613	12513.59131	1.08731	0.239569	5.225337	5.379014
:13_1	1.9	9.96	544.89	229	229	42.82653	3226.237072	0.268807	0.045238	1.24384	1.386833
:140_0	0.36	21.55	264.48	457	457	8.34371	1086.473971	0.06428	0.019459	0.403667	0.467025
:141_0	0.38	21.56	221.24	368	368	8.962832	1136.006995	0.068379	0.020509	0.423979	0.488317
:142_0	0.01	21.57	106.35	457	457	0.293318	37.707584	0.00225	0.000678	0.014036	0.016209
:143_0	1.25	21.03	73.71	51	51	85.728856	7184.127459	0.565937	0.147214	2.917812	3.088113
:143_1	1.21	21.54	453.70	317	317	29.227121	3627.363125	0.221143	0.065859	1.358882	1.559237
:144_0	0.38	21.57	274.62	457	457	9.843058	1196.909843	0.073915	0.021873	0.449671	0.514497
:145_0	0.71	20.68	42.35	45	45	12.4924	1487.353031	0.093189	0.027342	0.5617	0.639344
:145_1	0.69	21.51	375.26	412	412	16.109454	2063.912864	0.123489	0.037156	0.769091	0.887182
:146_0	0.49	16.57	39.71	51	51	39.046089	2998.796843	0.250313	0.0611	1.255126	1.289038
:147_0	1.26	18.38	330.64	218	218	7.240881	910.881417	0.05506	0.016375	0.340875	0.391546
:147_1	1.17	20.20	1.41	1	1	0.0	0.0	0.0	0.0	0.0	0.0
:147_2	1.11	21.57	420.23	317	317	27.366717	3417.237874	0.207496	0.061956	1.27809	1.468914
:148_0	0.37	21.56	316.72	536	536	8.947964	1114.959233	0.067785	0.020222	0.417222	0.47927
:149_0	0.7	21.07	173.20	192	192	37.391361	3334.726355	0.251466	0.066927	1.334474	1.43344
:149_2	0.69	21.56	374.62	412	412	19.709721	2324.072256	0.14628	0.042836	0.878128	0.999011
:14_0	0.75	7.86	79.70	59	59	80.295923	3945.807078	0.458967	0.077732	1.691462	1.696135
:14_1	0.58	9.95	241.27	229	229	14.333543	1065.422732	0.089604	0.014812	0.410164	0.457984
:150_0	0.35	21.57	347.28	604	604	8.093413	1042.563501	0.062136	0.018742	0.387938	0.44815
:151_0	0.35	21.55	347.34	604	604	7.574332	964.57121	0.057921	0.017397	0.359733	0.414625
:152_0	1.11	14.35	258.56	180	180	112.063755	8025.519002	0.703578	0.163488	3.39991	3.449787
:152_1	0.78	21.56	355.17	356	356	19.946137	2425.445019	0.149738	0.04431	0.911379	1.042587
:153_0	0.36	21.60	351.78	604	604	9.530163	1167.587288	0.071792	0.021296	0.438101	0.501892
:154_0	0.01	21.57	141.71	604	604	0.323661	42.221012	0.0025	0.000757	0.015684	0.018149
:155_0	0.68	14.54	59.14	59	59	0.071796	21.668307	0.000825	0.000245	0.007503	0.009314
:155_1	0.37	21.53	320.54	545	545	7.857177	1025.377136	0.060658	0.018372	0.380753	0.440763
:156_0	0.0	0	0.00	0	0	0.0	0.0	0.0	0.0	0.0	0.0
:156_1	0.85	21.52	381.90	356	356	20.110227	2494.012976	0.152226	0.045304	0.934611	1.072062
:157_0	0.0	0	0.00	0	0	0.0	0.0	0.0	0.0	0.0	0.0
:157_1	0.58	21.53	283.42	356	356	13.363894	1668.84637	0.101342	0.030245	0.624436	0.71736
:158_0	1.32	17.85	38.12	24	24	169.808335	12005.697617	1.066202	0.258558	5.114383	5.160662
:158_1	1.08	21.52	708.98	545	545	27.159045	3324.698264	0.204401	0.060598	1.248323	1.429135
:159_0	1.09	15.53	25.11	18	18	0.030901	2.893014	0.000212	5.8e-05	0.001139	0.001244
:159_1	0.79	21.54	358.60	356	356	20.07836	2409.365054	0.150045	0.044197	0.90748	1.035675
:15_0	0.02	12.59	91.47	229	229	0.09714	11.478194	0.000703	0.000145	0.004235	0.004934
:15_1	0.03	13.08	52.35	134	134	0.457414	57.839107	0.003403	0.000794	0.021584	0.024863
:162_0	0.02	20.58	55.97	219	219	2.643099	203.839238	0.017011	0.004304	0.084561	0.087621
:163_0	0.05	15.84	17.96	51	51	0.120641	14.718845	0.000902	0.000252	0.005667	0.006327
:164_0	0.4	20.55	32.17	51	51	9.324364	1196.382627	0.070897	0.021153	0.448183	0.51427
:165_0	0.96	21.05	53.09	45	45	64.603753	5500.989022	0.427849	0.112091	2.224994	2.364612
:165_1	0.93	21.55	252.74	219	219	23.518583	2870.400804	0.176966	0.052408	1.0781	1.233853
:166_0	0.92	21.11	211.22	185	185	16.523017	1969.934186	0.123136	0.036206	0.742548	0.846784
:166_1	0.95	20.68	8.24	7	7	6.744884	1398.881058	0.06472	0.022616	0.487954	0.601317
:166_2	0.93	20.98	59.11	51	51	16.367212	2228.290401	0.128318	0.039337	0.823567	0.95784
:167_0	0.004864852	20.56	12.03	51	51	0.060015	8.548984	0.000478	0.000149	0.003143	0.003675
:168_0	0.02	21.54	57.76	243	243	0.438456	53.704648	0.003302	0.000979	0.020153	0.023085
:169_0	0.37	21.55	142.35	243	243	9.260946	1167.003211	0.070497	0.021115	0.435693	0.501641
:16_0	0.03	8.44	79.37	134	134	2.684166	114.834931	0.014929	0.002241	0.048565	0.049363
:16_1	0.08	8.90	141.58	229	229	8.369905	367.961418	0.046796	0.007323	0.156089	0.158172
:170_0	0.38	21.57	157.43	264	264	8.767983	1081.638135	0.066207	0.019682	0.405482	0.464947
:171_0	0.01	21.60	56.58	243	243	0.33649	40.827774	0.002524	0.000747	0.015336	0.01755
:172_0	0.01	21.58	60.93	264	264	0.254671	31.231401	0.001919	0.000569	0.011717	0.013425
:173_0	0.01	21.57	61.43	264	264	0.301234	37.047518	0.002272	0.000675	0.013891	0.015925
:174_0	0.38	21.57	146.04	243	243	9.190415	1093.336273	0.06839	0.020104	0.412148	0.469975
:175_0	0.004635442	21.57	59.35	264	264	0.102823	13.291481	0.00079	0.000239	0.004942	0.005713
:176_0	0.38	21.58	145.95	243	243	9.334942	1136.940751	0.070184	0.020779	0.426969	0.488719
:177_0	0.37	21.58	143.49	243	243	8.622892	1071.60694	0.065334	0.019471	0.401081	0.460635
:178_0	0.38	21.57	145.86	243	243	8.631515	1098.463142	0.066066	0.019831	0.409699	0.472179
:179_0	0.01	21.54	61.76	264	264	0.31897	38.645316	0.00239	0.000707	0.014526	0.016612
:17_0	0.03	15.78	44.50	134	134	0.589987	81.940514	0.00455	0.001248	0.030773	0.035223
:17_1	0.01	15.23	73.85	229	229	0.165879	22.881107	0.00127	0.000344	0.008593	0.009836
:180_0	0.01	21.51	56.48	243	243	0.271681	35.000605	0.002085	0.000628	0.013033	0.015045
:181_0	0.01	21.53	57.01	243	243	0.342317	44.944914	0.002646	0.000803	0.016682	0.01932
:182_0	0.01	21.50	61.88	264	264	0.306264	39.826474	0.002361	0.000714	0.014805	0.01712
:183_0	0.37	21.59	142.80	243	243	8.445232	1074.897006	0.064672	0.019411	0.400867	0.462049
:184_0	0.01	21.50	61.64	264	264	0.307256	38.145793	0.002325	0.000693	0.014286	0.016397
:185_0	0.8	17.49	1.07	1	1	145.055261	9537.293828	0.893786	0.212062	4.145121	4.09961
:185_1	0.68	21.53	217.10	242	242	16.201557	2044.420558	0.123465	0.03696	0.76363	0.878803
:186_0	1.22	17.32	23.96	16	16	2.79313	657.700768	0.028317	0.009819	0.230651	0.282717
:186_1	0.98	21.52	298.58	248	248	23.630563	2953.109752	0.179356	0.053513	1.105001	1.269406
:187_0	1.09	18.39	51.39	38	38	7.282117	949.220897	0.056309	0.017016	0.352886	0.408027
:187_1	0.93	21.53	271.12	235	235	25.107811	3129.832127	0.190388	0.056778	1.171592	1.345371
:187_2	0.92	21.40	7.99	7	7	17.050251	2979.121746	0.150016	0.049638	1.065166	1.280591
:188_0	0.37	21.56	165.62	280	280	7.939339	1034.457562	0.061323	0.018552	0.384325	0.444666
:189_0	2.93	10.41	47.40	14	14	381.951303	22171.241851	2.270108	0.453966	9.550092	9.5304
:189_1	1.41	21.54	405.53	248	248	40.32306	4434.337428	0.291484	0.08345	1.696209	1.906116
:18_0	0.02	13.35	86.13	229	229	1.174783	91.93823	0.007539	0.001723	0.03792	0.03952
:18_1	0.06	13.08	56.97	134	134	0.171142	22.36102	0.001284	0.000289	0.00824	0.009612
:192_0	0.06	15.30	85.32	229	229	0.37157	51.860966	0.002874	0.000755	0.019382	0.022293
:192_1	0.02	16.00	42.45	134	134	0.709178	67.667625	0.004818	0.001232	0.02706	0.029087
:193_0	0.02	13.69	0.36	1	1	1.412726	97.249408	0.008782	0.002022	0.041628	0.041803
:194_0	0.02	13.14	14.58	38	38	0.072155	12.20099	0.000591	0.000143	0.004352	0.005245
:196_0	0.8	13.31	18.49	16	16	0.67127	103.499839	0.005421	0.001229	0.037242	0.04449
:196_1	0.69	13.04	37.25	38	38	8.684807	1217.863652	0.067285	0.01566	0.44671	0.523509
:198_0	0.05	15.84	17.68	51	51	0.696819	111.800831	0.005633	0.001651	0.04126	0.048058
:199_0	0.04	16.08	74.52	219	219	1.74793	165.453035	0.011839	0.003018	0.066235	0.071121
:19_0	0.04	7.94	85.37	134	134	3.22343	123.561777	0.017564	0.002347	0.051985	0.053115
:19_1	0.03	8.62	133.43	229	229	2.28433	94.378259	0.012601	0.001755	0.039396	0.04057
:200_0	0.38	21.59	343.17	573	573	9.502346	1201.023546	0.07248	0.02172	0.448281	0.516265
:201_0	0.95	14.35	17.94	14	14	92.19729	6661.58981	0.580349	0.134644	2.814118	2.8635
:201_1	0.8	12.47	1.18	1	1	9.327563	830.66935	0.062053	0.014079	0.332147	0.357068
:202_0	0.02	15.89	4.40	14	14	0.206775	33.872163	0.001666	0.000485	0.012425	0.01456
:203_0	0.02	11.01	59.85	134	134	0.671055	38.488004	0.003945	0.00064	0.015385	0.016544
:20_0	0.02	12.83	90.11	229	229	0.119034	13.343352	0.000848	0.000183	0.005017	0.005736
:20_1	0.02	13.33	49.76	134	134	0.593926	49.988481	0.003877	0.000898	0.02028	0.021488
:21_0	0.04	13.01	53.99	134	134	0.08696	11.237194	0.000652	0.000138	0.004108	0.00483
:21_1	0.01	13.31	84.50	229	229	0.566575	47.956288	0.003712	0.000848	0.019397	0.020614
:22_0	0.43	11.23	114.21	134	134	2.954838	340.014878	0.021203	0.004374	0.125948	0.146159
:22_1	0.31	11.61	165.26	229	229	38.328281	2428.778404	0.232743	0.049265	1.04053	1.044018
:23_0	1.34	8.47	254.03	134	134	117.717696	6199.803541	0.682577	0.119902	2.639142	2.66503
:23_1	1.28	9.07	8.99	5	5	37.169307	2315.019465	0.222554	0.035816	0.920828	0.995136
:24_0	0.85	9.48	60.91	45	45	53.894154	3311.269447	0.32272	0.057004	1.3558	1.423377
:24_1	0.91	8.98	135.31	94	94	38.854941	2363.063671	0.231499	0.037646	0.948205	1.015788
:26_0	0.52	10.08	89.53	90	90	9.618869	759.889446	0.061077	0.009993	0.288049	0.326647
:26_1	0.52	10.32	43.91	45	45	11.127523	893.659382	0.0711	0.012273	0.341758	0.384149
:27_0	1.01	7.94	144.81	90	90	84.389476	4246.264514	0.484559	0.082482	1.812159	1.82529
:27_1	0.91	8.94	135.29	94	94	21.432153	1358.625846	0.128404	0.018482	0.523503	0.584024
:28_0	0.59	9.44	143.77	131	131	33.713172	2093.024347	0.202277	0.035401	0.852531	0.899705
:28_1	0.57	7.87	62.39	53	53	21.191342	1121.092679	0.122252	0.017772	0.4514	0.481916
:29_0	0.86	8.06	262.98	181	181	84.650694	4246.640823	0.485871	0.083104	1.816151	1.825451
:29_1	0.76	9.15	67.96	53	53	34.207722	2087.153461	0.20428	0.034872	0.848129	0.897182
:2_0	0.87	14.23	21.66	18	18	77.388283	5547.201252	0.486111	0.112648	2.348986	2.384477
:2_1	1.29	9.63	442.89	249	249	160.346321	9014.345078	0.945206	0.182204	3.878686	3.87486
:2_2	0.76	16.07	358.23	338	338	0.833762	126.312611	0.006665	0.001818	0.046597	0.054296
:30_0	0.06	8.71	142.45	234	234	3.417924	192.457564	0.020069	0.003443	0.079934	0.082729
:31_0	0.77	8.11	311.32	229	229	28.968839	1553.218935	0.16795	0.026382	0.636546	0.667667
:31_1	0.72	8.86	6.29	5	5	32.773833	1899.499985	0.192865	0.029366	0.757626	0.816522
:32_0	0.56	11.11	129.85	131	131	35.284669	2478.17222	0.219188	0.044717	1.020896	1.065256
:32_1	0.0	0	0.00	0	0	0.0	0.0	0.0	0.0	0.0	0.0
:32_2	1.37	9.98	333.45	181	181	13.568084	809.830786	0.080494	0.012916	0.324079	0.348114
:32_3	0.0	0	0.00	0	0	0.0	0.0	0.0	0.0	0.0	0.0
:33_0	0.71	7.08	180.57	131	131	31.764415	1620.336978	0.183041	0.032059	0.694943	0.696513
:33_1	0.35	10.53	144.60	181	181	8.663809	595.943034	0.053486	0.010619	0.245038	0.25617
:34_0	1.97	9.89	321.37	131	131	236.42988	13528.895056	1.399294	0.271909	5.804204	5.815461
:34_1	0.0	0	0.00	0	0	0.0	0.0	0.0	0.0	0.0	0.0
:35_0	0.18	7.92	102.19	131	131	4.267051	230.470799	0.024875	0.004416	0.097751	0.099069
:36_0	1.21	10.36	218.93	131	131	144.63547	8588.539483	0.863896	0.173737	3.688954	3.691819
:36_1	0.0	0	0.00	0	0	0.0	0.0	0.0	0.0	0.0	0.0
:37_0	0.0	0	0.00	0	0	0.0	0.0	0.0	0.0	0.0	0.0
:37_2	0.86	8.85	252.11	181	181	102.799321	5475.627192	0.598328	0.109757	2.354547	2.353731
:38_0	1.43	11.97	330.46	181	181	15.789955	1872.438104	0.114681	0.025352	0.699747	0.804883
:38_1	0.0	0	0.00	0	0	0.0	0.0	0.0	0.0	0.0	0.0
:39_0	0.22	12.90	76.69	131	131	8.722162	738.974491	0.05717	0.013089	0.299026	0.317652
:39_1	0.0	0	0.00	0	0	0.0	0.0	0.0	0.0	0.0	0.0
:39_2	0.38	11.60	143.05	181	181	3.460666	387.096669	0.024613	0.005275	0.145301	0.166397
:39_3	0.0	0	0.00	0	0	0.0	0.0	0.0	0.0	0.0	0.0
:3_0	0.73	15.11	299.37	288	288	12.340809	1688.840918	0.094745	0.025572	0.63567	0.725958
:3_1	0.83	13.29	214.21	180	180	1.112504	132.942771	0.0081	0.001774	0.049565	0.057147
:3_2	0.7	15.87	157.20	158	158	13.04442	1711.580435	0.098087	0.026843	0.648026	0.735732
:40_0	0.01	10.17	63.01	131	131	0.111399	8.366416	0.000697	0.000111	0.003183	0.003596
:40_1	0.04	10.64	87.78	181	181	1.831356	128.486959	0.011354	0.002225	0.052362	0.055231
:41_0	1.23	5.66	373.73	181	181	55.178579	2157.835518	0.30117	0.038705	0.903836	0.927577
:41_1	0.58	3.96	233.49	131	131	39.234779	1291.093833	0.208832	0.025811	0.558578	0.554997
:43_0	0.04	11.85	58.14	131	131	3.395187	233.270358	0.021009	0.004425	0.097442	0.100272
:43_1	0.02	9.89	90.06	181	181	0.44777	26.230105	0.002652	0.000459	0.010804	0.011275
:45_0	0.009733141	13.36	47.86	131	131	0.435292	36.708296	0.002848	0.00065	0.014846	0.015779
:45_1	0.03	12.82	72.43	181	181	0.136472	16.127423	0.000988	0.000215	0.006015	0.006933
:48_0	0.03	9.32	70.96	131	131	2.56042	106.474978	0.014124	0.002013	0.044338	0.04577
:48_1	0.03	11.77	77.65	181	181	1.388998	71.765459	0.007981	0.001285	0.029035	0.030849
:4_0	0.42	15.27	209.97	288	288	6.538328	917.347469	0.050454	0.013719	0.34388	0.394327
:4_1	0.42	15.91	114.03	158	158	6.781287	1004.810812	0.053739	0.015055	0.374566	0.431924
:51_0	0.02	11.45	57.46	131	131	1.38807	70.948704	0.007957	0.00127	0.028702	0.030498
:51_1	0.03	9.28	98.69	181	181	2.730898	111.592865	0.015048	0.002148	0.046816	0.04797
:53_0	0.86	11.37	231.05	181	181	108.779895	6766.228436	0.6575	0.137696	2.903859	2.908486
:53_1	0.0	0	0.00	0	0	0.0	0.0	0.0	0.0	0.0	0.0
:53_2	0.53	10.95	126.27	131	131	0.561646	31.984081	0.003283	0.00045	0.012465	0.013749
:53_3	0.0	0	0.00	0	0	0.0	0.0	0.0	0.0	0.0	0.0
:54_0	0.84	8.84	180.26	131	131	91.330422	4891.558378	0.53195	0.096604	2.093988	2.102667
:54_1	0.0	0	0.00	0	0	0.0	0.0	0.0	0.0	0.0	0.0
:55_0	0.06	9.80	71.94	131	131	0.95206	71.422578	0.005968	0.000996	0.027495	0.030702
:56_0	0.67	9.98	150.07	131	131	19.436341	1346.913284	0.119759	0.021577	0.538303	0.578983
:56_1	0.0	0	0.00	0	0	0.0	0.0	0.0	0.0	0.0	0.0
:57_0	0.94	7.10	291.69	181	181	60.491126	2782.552987	0.340251	0.050273	1.164998	1.196112
:57_1	0.0	0	0.00	0	0	0.0	0.0	0.0	0.0	0.0	0.0
:58_0	0.78	8.18	246.08	181	181	25.487617	1391.781769	0.148544	0.024531	0.575794	0.59827
:58_1	0.0	0	0.00	0	0	0.0	0.0	0.0	0.0	0.0	0.0
:59_0	0.46	8.32	187.33	181	181	3.258477	147.205717	0.018301	0.002854	0.062915	0.063278
:59_1	0.28	12.26	87.59	131	131	34.958641	2278.688108	0.213881	0.046292	0.974381	0.979501
:59_2	0.0	0	0.00	0	0	0.0	0.0	0.0	0.0	0.0	0.0
:5_0	0.0	0	0.00	0	0	0.0	0.0	0.0	0.0	0.0	0.0
:5_1	1.32	15.27	469.17	288	288	39.392339	4287.414646	0.278985	0.072015	1.673489	1.842965
:60_0	0.25	13.52	108.85	181	181	24.917787	1818.529755	0.157009	0.035574	0.762559	0.781701
:60_1	0.0	0	0.00	0	0	0.0	0.0	0.0	0.0	0.0	0.0
:60_2	0.43	9.65	120.36	131	131	1.19717	52.95392	0.006666	0.00087	0.02162	0.022763
:61_0	0.83	7.37	192.78	131	131	62.512125	2958.253112	0.353827	0.054566	1.245105	1.271635
:61_1	0.0	0	0.00	0	0	0.0	0.0	0.0	0.0	0.0	0.0
:62_0	0.06	10.22	68.74	131	131	1.461305	117.44962	0.009342	0.001628	0.045024	0.050487
:63_0	0.62	10.55	140.07	131	131	22.968141	1717.585419	0.144455	0.027095	0.681279	0.738319
:63_1	0.0	0	0.00	0	0	0.0	0.0	0.0	0.0	0.0	0.0
:64_0	0.82	7.48	264.24	181	181	63.729592	3053.746858	0.361694	0.05665	1.287114	1.312683
:64_1	0.0	0	0.00	0	0	0.0	0.0	0.0	0.0	0.0	0.0
:65_0	0.6	11.13	185.80	181	181	36.009151	2538.230933	0.223851	0.045505	1.043825	1.091073
:65_1	0.0	0	0.00	0	0	0.0	0.0	0.0	0.0	0.0	0.0
:66_0	0.41	9.07	168.14	181	181	2.916785	123.849412	0.016203	0.002466	0.053339	0.053238
:66_1	0.27	12.88	84.00	131	131	34.61496	2302.778158	0.213	0.047067	0.984621	0.989855
:66_2	0.0	0	0.00	0	0	0.0	0.0	0.0	0.0	0.0	0.0
:66_3	0.0	0	0.00	0	0	0.0	0.0	0.0	0.0	0.0	0.0
:67_0	0.58	13.82	166.63	181	181	33.677564	2707.003001	0.217803	0.050753	1.113759	1.163615
:67_1	0.65	12.95	132.80	131	131	4.011028	394.984098	0.027267	0.005783	0.151608	0.169787
:68_0	1.4	9.21	251.28	131	131	167.710864	9152.201356	0.981595	0.183737	3.93275	3.934124
:68_2	1.11	11.75	68.01	45	45	17.742186	1934.828452	0.124956	0.024507	0.717511	0.831706
:69_0	0.99	12.87	38.75	29	29	85.79545	6014.221097	0.535033	0.120063	2.54406	2.58523
:69_1	0.0	0	0.00	0	0	0.0	0.0	0.0	0.0	0.0	0.0
:69_2	1.18	11.42	234.83	147	147	62.117867	4461.005471	0.388196	0.080277	1.834708	1.917588
:6_0	0.0	0	0.00	0	0	0.0	0.0	0.0	0.0	0.0	0.0
:6_1	1.28	9.33	282.49	158	158	158.837694	8746.062982	0.931755	0.176569	3.764538	3.759541
:70_0	1.38	9.31	101.98	54	54	158.484159	8689.700836	0.928406	0.173233	3.72285	3.735317
:70_2	1.15	11.39	230.93	147	147	21.428013	2124.416156	0.146376	0.029086	0.803666	0.9132
:71_0	0.98	11.81	224.62	163	163	45.224685	3645.09947	0.291261	0.059983	1.452667	1.566871
:71_1	1.03	11.43	54.77	38	38	59.294369	4252.049549	0.370379	0.076328	1.74768	1.827767
:72_0	1.36	9.35	329.36	176	176	162.097098	8960.840623	0.951569	0.180001	3.850671	3.851865
:72_2	1.14	11.46	59.01	38	38	17.406731	1760.114261	0.119719	0.024034	0.665219	0.756601
:73_0	0.55	9.37	60.18	57	57	17.71641	1098.973399	0.106321	0.018815	0.449002	0.472403
:73_1	0.43	11.40	133.46	157	157	27.749639	1946.647132	0.172524	0.036168	0.808814	0.836776
:74_0	1.34	9.33	127.31	69	69	155.653867	8586.449609	0.913175	0.171704	3.683208	3.690933
:74_2	1.06	11.79	230.45	157	157	22.489959	2270.226082	0.15474	0.03179	0.86275	0.975876
:75_0	0.96	12.20	243.47	181	181	44.177721	3716.677893	0.288338	0.061555	1.481942	1.597637
:75_1	1.02	11.47	64.51	45	45	64.382728	4591.63325	0.401752	0.083455	1.894648	1.973738
:76_0	0.87	13.89	196.78	163	163	61.725711	4902.059246	0.398121	0.092462	2.021467	2.107167
:76_1	0.89	13.50	217.75	176	176	1.232748	172.359281	0.0095	0.002196	0.063135	0.07409
:79_0	1.09	13.13	82.48	57	57	23.129565	2626.998937	0.165869	0.039525	1.005236	1.129233
:79_1	1.1	12.99	100.51	69	69	17.861135	2130.885554	0.130359	0.029892	0.801467	0.915978
:7_0	0.6	13.59	273.10	288	288	38.215086	3095.259389	0.247374	0.056887	1.26745	1.330509
:80_0	0.02	18.49	7.91	29	29	0.166049	30.204291	0.00141	0.00046	0.010886	0.012983
:81_0	0.02	18.40	14.79	54	54	0.216388	31.89103	0.001742	0.000522	0.011877	0.013709
:82_0	1.51	9.06	58.86	29	29	184.815407	9992.694863	1.079468	0.20095	4.298655	4.295416
:82_2	0.0	0	0.00	0	0	0.0	0.0	0.0	0.0	0.0	0.0
:83_0	0.76	14.48	15.19	14	14	80.774765	5796.693512	0.506959	0.11807	2.454329	2.491721
:83_1	0.0	0	0.00	0	0	0.0	0.0	0.0	0.0	0.0	0.0
:83_2	0.96	12.59	20.06	15	15	14.393824	1489.098878	0.100246	0.022529	0.574193	0.640099
:84_0	0.0	0	0.00	0	0	0.0	0.0	0.0	0.0	0.0	0.0
:84_2	0.87	12.72	18.62	15	15	20.922699	2169.050633	0.144972	0.032868	0.836025	0.932381
:85_0	1.06	13.09	21.28	15	15	19.517818	2518.459066	0.145833	0.034791	0.939863	1.082579
:85_2	0.0	0	0.00	0	0	0.0	0.0	0.0	0.0	0.0	0.0
:86_0	0.0	0	0.00	0	0	0.0	0.0	0.0	0.0	0.0	0.0
:86_2	1.1	9.12	87.26	54	54	126.823944	6912.211024	0.741901	0.137946	2.965929	2.971253
:87_0	1.36	12.04	91.45	54	54	178.684466	11344.741941	1.086305	0.233494	4.876622	4.87657
:87_2	0.0	0	0.00	0	0	0.0	0.0	0.0	0.0	0.0	0.0
:88_0	0.0	0	0.00	0	0	0.0	0.0	0.0	0.0	0.0	0.0
:88_2	1.22	8.27	25.14	14	14	127.417862	6537.961945	0.73459	0.126358	2.784704	2.810392
:88_3	0.0	0	0.00	0	0	0.0	0.0	0.0	0.0	0.0	0.0
:89_0	0.99	14.11	18.61	14	14	84.463422	6639.013325	0.5434	0.126529	2.746453	2.853802
:89_2	0.0	0	0.00	0	0	0.0	0.0	0.0	0.0	0.0	0.0
:8_0	1.02	10.98	417.58	288	288	79.124861	5260.647876	0.484965	0.098405	2.196047	2.261317
:8_1	0.0	0	0.00	0	0	0.0	0.0	0.0	0.0	0.0	0.0
:90_0	0.0	0	0.00	0	0	0.0	0.0	0.0	0.0	0.0	0.0
:90_2	0.0	0	0.00	0	0	0.0	0.0	0.0	0.0	0.0	0.0
:91_0	0.0	0	0.00	0	0	0.0	0.0	0.0	0.0	0.0	0.0
:91_1	0.0	0	0.00	0	0	0.0	0.0	0.0	0.0	0.0	0.0
:91_2	0.0	0	0.00	0	0	0.0	0.0	0.0	0.0	0.0	0.0
:92_0	0.0	0	0.00	0	0	0.0	0.0	0.0	0.0	0.0	0.0
:93_0	0.85	16.04	9.13	8	8	10.788548	1827.503703	0.09157	0.026029	0.672533	0.785564
:93_1	0.77	13.21	6.78	6	6	0.030632	56.397757	0.001404	0.000451	0.018317	0.024243
:94_0	0.0	0	0.00	0	0	0.0	0.0	0.0	0.0	0.0	0.0
:94_1	0.0	0	0.00	0	0	0.0	0.0	0.0	0.0	0.0	0.0
:95_0	0.64	9.43	6.83	6	6	16.505942	1027.43554	0.099109	0.017421	0.418603	0.441652
:95_1	0.32	21.57	307.31	573	573	7.823527	948.302094	0.058628	0.017336	0.356441	0.407631
:96_0	0.0	0	0.00	0	0	0.0	0.0	0.0	0.0	0.0	0.0
:96_1	1.07	21.55	936.18	724	724	24.771898	3183.324013	0.190055	0.057266	1.185222	1.368365
:99_0	0.56	16.84	6.53	8	8	39.942561	3002.811326	0.254834	0.062298	1.26328	1.290763
:99_1	0.44	21.56	479.30	724	724	11.15002	1404.30484	0.084842	0.025391	0.524712	0.603646
:9_0	0.0	0	0.00	0	0	0.0	0.0	0.0	0.0	0.0	0.0
:gneJ4_0	0.04	6.53	100.90	131	131	4.426153	168.601561	0.024124	0.003374	0.072484	0.072475
:gneJ7_0	0.04	8.55	77.33	131	131	3.140735	121.730205	0.017135	0.002388	0.051539	0.052327
:gneJ7_1	0.04	8.14	112.29	181	181	3.337412	123.382274	0.018055	0.002425	0.052287	0.053038
:gneJ8_0	0.02	9.54	94.51	181	181	1.305946	59.235552	0.007327	0.001079	0.024525	0.025463
gneE1	2.42	10.23	377.20	131	131	112.349474	7846.432306	0.694128	0.127838	3.148189	3.372854
gneE2	1.73	12.42	276.87	131	131	160.630994	11027.779718	0.995231	0.217011	4.656684	4.740329
