junction	edge
10	:10_0
10	:10_1
10	:10_1
100	:100_0
100	:100_1
100	:100_1
100	:100_1
101	:101_0
101	:101_0
101	:101_0
102	:102_0
102	:102_0
102	:102_0
102	:102_0
103	:103_0
103	:103_0
104	:104_0
104	:104_0
104	:104_0
105	:105_0
105	:105_0
106	:106_0
106	:106_0
107	:107_0
107	:107_0
107	:107_0
108	:108_0
108	:108_1
108	:108_1
109	:109_0
109	:109_1
109	:109_1
11	:11_0
11	:11_1
11	:11_1
110	:110_0
110	:110_1
110	:110_1
111	:111_0
111	:111_0
111	:111_0
114	:114_0
114	:114_1
114	:114_1
115	:115_0
115	:115_1
115	:115_1
116	:116_0
117	:117_0
117	:117_1
118	:118_0
118	:118_0
118	:118_0
118	:118_0
118	:118_4
118	:118_5
119	:119_0
119	:119_0
119	:119_0
119	:119_0
12	:12_0
12	:12_1
12	:12_1
120	:120_0
120	:120_0
121	:121_0
121	:121_0
121	:121_0
121	:121_0
122	:122_0
122	:122_0
122	:122_0
122	:122_0
122	:122_0
122	:122_0
123	:123_0
123	:123_1
123	:123_2
123	:123_3
123	:123_3
123	:123_5
123	:123_6
124	:124_0
124	:124_0
124	:124_0
124	:124_0
125	:125_0
125	:125_0
125	:125_0
125	:125_3
126	:126_0
126	:126_1
126	:126_1
127	:127_0
127	:127_0
128	:128_0
128	:128_1
129	:129_0
129	:129_0
13	:13_0
13	:13_1
13	:13_1
132	:132_0
133	:133_0
134	:134_0
135	:135_0
137	:137_0
137	:137_1
137	:137_1
138	:138_0
138	:138_1
138	:138_1
139	:139_0
139	:139_0
139	:139_0
14	:14_0
14	:14_1
14	:14_1
140	:140_0
140	:140_0
141	:141_0
141	:141_0
142	:142_0
142	:142_0
143	:143_0
143	:143_1
143	:143_1
144	:144_0
144	:144_0
144	:144_0
145	:145_0
145	:145_1
145	:145_1
146	:146_0
147	:147_0
147	:147_1
147	:147_2
147	:147_2
148	:148_0
148	:148_0
148	:148_0
148	:148_0
149	:149_0
149	:149_0
149	:149_2
149	:149_2
15	:15_0
15	:15_1
150	:150_0
150	:150_0
150	:150_0
151	:151_0
151	:151_0
152	:152_0
152	:152_1
152	:152_1
153	:153_0
153	:153_0
153	:153_0
154	:154_0
154	:154_0
154	:154_0
155	:155_0
155	:155_1
155	:155_1
156	:156_0
156	:156_1
156	:156_1
157	:157_0
157	:157_1
157	:157_1
158	:158_0
158	:158_1
158	:158_1
159	:159_0
159	:159_1
159	:159_1
16	:16_0
16	:16_1
162	:162_0
162	:162_0
163	:163_0
163	:163_0
164	:164_0
164	:164_0
165	:165_0
165	:165_1
165	:165_1
166	:166_0
166	:166_1
166	:166_2
167	:167_0
168	:168_0
168	:168_0
168	:168_0
169	:169_0
169	:169_0
169	:169_0
17	:17_0
17	:17_1
170	:170_0
170	:170_0
171	:171_0
171	:171_0
172	:172_0
172	:172_0
173	:173_0
173	:173_0
174	:174_0
174	:174_0
175	:175_0
175	:175_0
176	:176_0
176	:176_0
176	:176_0
177	:177_0
177	:177_0
178	:178_0
178	:178_0
178	:178_0
179	:179_0
179	:179_0
18	:18_0
18	:18_1
180	:180_0
180	:180_0
181	:181_0
181	:181_0
182	:182_0
182	:182_0
183	:183_0
183	:183_0
184	:184_0
184	:184_0
185	:185_0
185	:185_1
185	:185_1
186	:186_0
186	:186_1
186	:186_1
187	:187_0
187	:187_1
187	:187_2
188	:188_0
188	:188_0
188	:188_0
189	:189_0
189	:189_1
189	:189_1
19	:19_0
19	:19_1
192	:192_0
192	:192_1
193	:193_0
194	:194_0
196	:196_0
196	:196_1
198	:198_0
198	:198_0
199	:199_0
199	:199_0
2	:2_0
2	:2_1
2	:2_2
20	:20_0
20	:20_1
200	:200_0
200	:200_0
201	:201_0
201	:201_1
202	:202_0
202	:202_0
203	:203_0
21	:21_0
21	:21_1
22	:22_0
22	:22_1
23	:23_0
23	:23_1
24	:24_0
24	:24_1
26	:26_0
26	:26_1
27	:27_0
27	:27_1
28	:28_0
28	:28_1
29	:29_0
29	:29_1
3	:3_0
3	:3_1
3	:3_2
30	:30_0
31	:31_0
31	:31_1
32	:32_0
32	:32_3
32	:32_2
33	:33_0
33	:33_1
34	:34_0
34	:34_1
34	:34_1
35	:35_0
35	:35_0
36	:36_0
36	:36_1
36	:36_1
37	:37_0
37	:37_0
37	:37_2
38	:38_0
38	:38_1
38	:38_1
39	:39_0
39	:39_3
39	:39_2
4	:4_0
4	:4_1
40	:40_0
40	:40_1
41	:41_0
41	:41_1
43	:43_0
43	:43_1
45	:45_0
45	:45_1
48	:48_0
48	:48_1
5	:5_0
5	:5_1
51	:51_0
51	:51_1
53	:53_0
53	:53_3
53	:53_2
54	:54_0
54	:54_1
55	:55_0
56	:56_0
56	:56_1
57	:57_0
57	:57_1
58	:58_0
58	:58_1
59	:59_0
59	:59_1
59	:59_2
6	:6_0
6	:6_1
60	:60_0
60	:60_1
60	:60_2
61	:61_0
61	:61_1
62	:62_0
63	:63_0
63	:63_1
64	:64_0
64	:64_1
65	:65_0
65	:65_1
66	:66_0
66	:66_1
66	:66_3
67	:67_0
67	:67_1
67	:67_1
68	:68_0
68	:68_0
68	:68_2
68	:68_2
69	:69_0
69	:69_1
69	:69_2
69	:69_2
7	:7_0
7	:7_0
70	:70_0
70	:70_0
70	:70_2
70	:70_2
71	:71_0
71	:71_1
71	:71_1
72	:72_0
72	:72_0
72	:72_2
72	:72_2
73	:73_0
73	:73_1
73	:73_1
74	:74_0
74	:74_0
74	:74_2
74	:74_2
75	:75_0
75	:75_1
75	:75_1
76	:76_0
76	:76_1
76	:76_1
79	:79_0
79	:79_1
79	:79_1
8	:8_0
8	:8_1
8	:8_1
80	:80_0
80	:80_0
81	:81_0
81	:81_0
82	:82_0
82	:82_0
82	:82_2
82	:82_2
83	:83_0
83	:83_1
83	:83_2
83	:83_2
84	:84_0
84	:84_0
84	:84_2
84	:84_2
85	:85_0
85	:85_0
85	:85_2
85	:85_2
86	:86_0
86	:86_0
86	:86_2
86	:86_2
87	:87_0
87	:87_0
87	:87_2
87	:87_2
88	:88_0
88	:88_0
88	:88_2
88	:88_3
89	:89_0
89	:89_0
89	:89_2
89	:89_2
9	:9_0
9	:9_0
90	:90_0
90	:90_0
90	:90_2
90	:90_2
91	:91_0
91	:91_1
91	:91_2
91	:91_2
92	:92_0
92	:92_0
93	:93_0
93	:93_1
94	:94_0
94	:94_1
95	:95_0
95	:95_1
95	:95_1
95	:95_1
96	:96_0
96	:96_1
96	:96_1
96	:96_1
99	:99_0
99	:99_1
99	:99_1
99	:99_1
gneJ4	:gneJ4_0
gneJ7	:gneJ7_0
gneJ7	:gneJ7_1
gneJ8	:gneJ8_0
:32_3_0	:32_2
:39_3_0	:39_2
:53_3_0	:53_2
:66_3_0	:66_0
