<?xml version="1.0" encoding="UTF-8"?>

<!-- generated on 11/02/20 02:41:12 by Eclipse SUMO GUI Version 1.7.0
<configuration xmlns:xsi="http://www.w3.org/2001/XMLSchema-instance" xsi:noNamespaceSchemaLocation="http://sumo.dlr.de/xsd/sumoConfiguration.xsd">

    <input>
        <net-file value="D:\tomas\Documents\Bolsa_Mobiwise\SUMO\Macro_EcoIndicator\code\SA\matlab_sumo_heatmaps\code\app\heatmaps_final_code\Porto.net.xml"/>
        <route-files value="D:\tomas\Documents\Bolsa_Mobiwise\SUMO\Macro_EcoIndicator\code\SA\matlab_sumo_heatmaps\code\app\heatmaps_final_code\Trips6AM7AM_baseline.rou.xml"/>
        <additional-files value="D:\tomas\Documents\Bolsa_Mobiwise\SUMO\Macro_EcoIndicator\code\SA\matlab_sumo_heatmaps\code\app\heatmaps_final_code\Additional_Files.add.xml"/>
    </input>

    <output>
        <write-license value="true"/>
        <fcd-output.geo value="true"/>
        <summary-output value="D:\tomas\Documents\Bolsa_Mobiwise\SUMO\Macro_EcoIndicator\code\SA\matlab_sumo_heatmaps\code\app\heatmaps_final_code\porto_summary_data.xml"/>
        <vehroute-output value="D:\tomas\Documents\Bolsa_Mobiwise\SUMO\Macro_EcoIndicator\code\SA\matlab_sumo_heatmaps\code\app\heatmaps_final_code\porto_route_data.xml"/>
    </output>

    <time>
        <begin value="0"/>
        <end value="3600"/>
    </time>

    <processing>
        <time-to-teleport value="-1"/>
    </processing>

    <gui_only>
        <gui-settings-file value="D:\tomas\Documents\Bolsa_Mobiwise\SUMO\Macro_EcoIndicator\code\SA\matlab_sumo_heatmaps\code\app\heatmaps_final_code\viewport_heatmaps.xml"/>
    </gui_only>

</configuration>
-->

<detector xmlns:xsi="http://www.w3.org/2001/XMLSchema-instance" xsi:noNamespaceSchemaLocation="http://sumo.dlr.de/xsd/det_e2_file.xsd">
</detector>
