<?xml version="1.0" encoding="UTF-8"?>

<!-- generated on 11/17/20 18:10:52 by Eclipse SUMO GUI Version 1.7.0
<configuration xmlns:xsi="http://www.w3.org/2001/XMLSchema-instance" xsi:noNamespaceSchemaLocation="http://sumo.dlr.de/xsd/sumoConfiguration.xsd">

    <input>
        <net-file value="Porto.net.xml"/>
        <route-files value="Trips6AM7AM_baseline.rou.xml"/>
        <additional-files value="Additional_Files_server.add.xml"/>
    </input>

    <output>
        <write-license value="true"/>
        <fcd-output.geo value="true"/>
        <summary-output value="porto_summary_data.xml"/>
        <vehroute-output value="porto_route_data.xml"/>
    </output>

    <time>
        <begin value="0"/>
        <end value="3600"/>
    </time>

    <processing>
        <time-to-teleport value="-1"/>
    </processing>

    <traci_server>
        <remote-port value="8813"/>
        <num-clients value="1"/>
    </traci_server>

    <gui_only>
        <gui-settings-file value="viewport_heatmaps.xml"/>
        <start value="true"/>
    </gui_only>

</configuration>
-->

<routes xmlns:xsi="http://www.w3.org/2001/XMLSchema-instance" xsi:noNamespaceSchemaLocation="http://sumo.dlr.de/xsd/routes_file.xsd">
</routes>
