<?xml version="1.0" encoding="UTF-8"?>

<!-- generated on 11/17/20 18:10:52 by Eclipse SUMO GUI Version 1.7.0
<configuration xmlns:xsi="http://www.w3.org/2001/XMLSchema-instance" xsi:noNamespaceSchemaLocation="http://sumo.dlr.de/xsd/sumoConfiguration.xsd">

    <input>
        <net-file value="Porto.net.xml"/>
        <route-files value="Trips6AM7AM_baseline.rou.xml"/>
        <additional-files value="Additional_Files_server.add.xml"/>
    </input>

    <output>
        <write-license value="true"/>
        <fcd-output.geo value="true"/>
        <summary-output value="porto_summary_data.xml"/>
        <vehroute-output value="porto_route_data.xml"/>
    </output>

    <time>
        <begin value="0"/>
        <end value="3600"/>
    </time>

    <processing>
        <time-to-teleport value="-1"/>
    </processing>

    <traci_server>
        <remote-port value="8813"/>
        <num-clients value="1"/>
    </traci_server>

    <gui_only>
        <gui-settings-file value="viewport_heatmaps.xml"/>
        <start value="true"/>
    </gui_only>

</configuration>
-->

<summary xmlns:xsi="http://www.w3.org/2001/XMLSchema-instance" xsi:noNamespaceSchemaLocation="http://sumo.dlr.de/xsd/summary_file.xsd">
    <step time="0.00" loaded="3" inserted="2" running="2" waiting="0" ended="0" arrived="0" collisions="0" teleports="0" halting="2" stopped="0" meanWaitingTime="0.00" meanTravelTime="-1.00" meanSpeed="0.00" meanSpeedRelative="0.00" duration="306243643"/>
    <step time="1.00" loaded="3" inserted="2" running="2" waiting="0" ended="0" arrived="0" collisions="0" teleports="0" halting="0" stopped="0" meanWaitingTime="0.00" meanTravelTime="-1.00" meanSpeed="1.06" meanSpeedRelative="0.17" duration="306243643"/>
    <step time="2.00" loaded="432" inserted="3" running="3" waiting="0" ended="0" arrived="0" collisions="0" teleports="0" halting="1" stopped="0" meanWaitingTime="0.33" meanTravelTime="-1.00" meanSpeed="1.38" meanSpeedRelative="0.22" duration="306243643"/>
    <step time="3.00" loaded="432" inserted="5" running="5" waiting="0" ended="0" arrived="0" collisions="0" teleports="0" halting="2" stopped="0" meanWaitingTime="0.60" meanTravelTime="-1.00" meanSpeed="1.45" meanSpeedRelative="0.34" duration="306243687"/>
    <step time="4.00" loaded="432" inserted="7" running="7" waiting="0" ended="0" arrived="0" collisions="0" teleports="0" halting="2" stopped="0" meanWaitingTime="0.71" meanTravelTime="-1.00" meanSpeed="1.91" meanSpeedRelative="0.38" duration="306243687"/>
    <step time="5.00" loaded="432" inserted="7" running="7" waiting="0" ended="0" arrived="0" collisions="0" teleports="0" halting="0" stopped="0" meanWaitingTime="0.71" meanTravelTime="-1.00" meanSpeed="3.68" meanSpeedRelative="0.54" duration="306276446"/>
    <step time="6.00" loaded="432" inserted="9" running="9" waiting="0" ended="0" arrived="0" collisions="0" teleports="0" halting="2" stopped="0" meanWaitingTime="0.78" meanTravelTime="-1.00" meanSpeed="3.75" meanSpeedRelative="0.54" duration="306276446"/>
    <step time="7.00" loaded="432" inserted="10" running="10" waiting="1" ended="0" arrived="0" collisions="0" teleports="0" halting="1" stopped="0" meanWaitingTime="0.80" meanTravelTime="-1.00" meanSpeed="4.45" meanSpeedRelative="0.59" duration="306276446"/>
    <step time="8.00" loaded="432" inserted="12" running="12" waiting="0" ended="0" arrived="0" collisions="0" teleports="0" halting="2" stopped="0" meanWaitingTime="0.92" meanTravelTime="-1.00" meanSpeed="4.53" meanSpeedRelative="0.60" duration="306276446"/>
    <step time="9.00" loaded="432" inserted="14" running="14" waiting="0" ended="0" arrived="0" collisions="0" teleports="0" halting="2" stopped="0" meanWaitingTime="0.93" meanTravelTime="-1.00" meanSpeed="4.03" meanSpeedRelative="0.53" duration="306276446"/>
    <step time="10.00" loaded="432" inserted="17" running="17" waiting="1" ended="0" arrived="0" collisions="0" teleports="0" halting="3" stopped="0" meanWaitingTime="0.94" meanTravelTime="-1.00" meanSpeed="4.16" meanSpeedRelative="0.47" duration="306310573"/>
    <step time="11.00" loaded="432" inserted="20" running="20" waiting="1" ended="0" arrived="0" collisions="0" teleports="0" halting="3" stopped="0" meanWaitingTime="0.95" meanTravelTime="-1.00" meanSpeed="4.19" meanSpeedRelative="0.47" duration="306310573"/>
    <step time="12.00" loaded="432" inserted="23" running="23" waiting="1" ended="0" arrived="0" collisions="0" teleports="0" halting="3" stopped="0" meanWaitingTime="0.96" meanTravelTime="-1.00" meanSpeed="4.59" meanSpeedRelative="0.52" duration="306310574"/>
    <step time="13.00" loaded="432" inserted="27" running="27" waiting="1" ended="0" arrived="0" collisions="0" teleports="0" halting="4" stopped="0" meanWaitingTime="1.07" meanTravelTime="-1.00" meanSpeed="4.84" meanSpeedRelative="0.54" duration="306310574"/>
    <step time="14.00" loaded="432" inserted="28" running="28" waiting="2" ended="0" arrived="0" collisions="0" teleports="0" halting="1" stopped="0" meanWaitingTime="1.07" meanTravelTime="-1.00" meanSpeed="5.61" meanSpeedRelative="0.63" duration="306310574"/>
    <step time="15.00" loaded="432" inserted="29" running="29" waiting="2" ended="0" arrived="0" collisions="0" teleports="0" halting="1" stopped="0" meanWaitingTime="1.07" meanTravelTime="-1.00" meanSpeed="2.20" meanSpeedRelative="1.55" duration="306352923"/>
    <step time="16.00" loaded="432" inserted="32" running="32" waiting="3" ended="0" arrived="0" collisions="0" teleports="0" halting="3" stopped="0" meanWaitingTime="1.06" meanTravelTime="-1.00" meanSpeed="1.33" meanSpeedRelative="0.63" duration="306352923"/>
    <step time="17.00" loaded="432" inserted="34" running="34" waiting="3" ended="0" arrived="0" collisions="0" teleports="0" halting="2" stopped="0" meanWaitingTime="1.09" meanTravelTime="-1.00" meanSpeed="1.38" meanSpeedRelative="0.64" duration="306352924"/>
    <step time="18.00" loaded="432" inserted="36" running="36" waiting="2" ended="0" arrived="0" collisions="0" teleports="0" halting="2" stopped="0" meanWaitingTime="1.11" meanTravelTime="-1.00" meanSpeed="1.46" meanSpeedRelative="0.66" duration="306352924"/>
    <step time="19.00" loaded="432" inserted="38" running="38" waiting="2" ended="0" arrived="0" collisions="0" teleports="0" halting="2" stopped="0" meanWaitingTime="1.11" meanTravelTime="-1.00" meanSpeed="1.58" meanSpeedRelative="0.66" duration="306352925"/>
    <step time="20.00" loaded="432" inserted="39" running="39" waiting="2" ended="0" arrived="0" collisions="0" teleports="0" halting="1" stopped="0" meanWaitingTime="1.10" meanTravelTime="-1.00" meanSpeed="2.73" meanSpeedRelative="0.49" duration="306395308"/>
    <step time="21.00" loaded="432" inserted="40" running="40" waiting="2" ended="0" arrived="0" collisions="0" teleports="0" halting="1" stopped="0" meanWaitingTime="1.10" meanTravelTime="-1.00" meanSpeed="3.80" meanSpeedRelative="0.61" duration="306395309"/>
    <step time="22.00" loaded="432" inserted="43" running="43" waiting="2" ended="0" arrived="0" collisions="0" teleports="0" halting="3" stopped="0" meanWaitingTime="1.09" meanTravelTime="-1.00" meanSpeed="4.39" meanSpeedRelative="0.67" duration="306395309"/>
    <step time="23.00" loaded="432" inserted="44" running="44" waiting="2" ended="0" arrived="0" collisions="0" teleports="0" halting="1" stopped="0" meanWaitingTime="1.09" meanTravelTime="-1.00" meanSpeed="4.79" meanSpeedRelative="0.73" duration="306395309"/>
    <step time="24.00" loaded="432" inserted="44" running="44" waiting="2" ended="0" arrived="0" collisions="0" teleports="0" halting="0" stopped="0" meanWaitingTime="1.09" meanTravelTime="-1.00" meanSpeed="5.13" meanSpeedRelative="0.77" duration="306395310"/>
    <step time="25.00" loaded="432" inserted="44" running="44" waiting="2" ended="0" arrived="0" collisions="0" teleports="0" halting="0" stopped="0" meanWaitingTime="1.09" meanTravelTime="-1.00" meanSpeed="5.11" meanSpeedRelative="0.82" duration="306437510"/>
    <step time="26.00" loaded="432" inserted="45" running="45" waiting="1" ended="0" arrived="0" collisions="0" teleports="0" halting="1" stopped="0" meanWaitingTime="1.38" meanTravelTime="-1.00" meanSpeed="4.91" meanSpeedRelative="0.74" duration="306437510"/>
    <step time="27.00" loaded="432" inserted="45" running="45" waiting="2" ended="0" arrived="0" collisions="0" teleports="0" halting="1" stopped="0" meanWaitingTime="1.38" meanTravelTime="-1.00" meanSpeed="4.69" meanSpeedRelative="0.73" duration="306437511"/>
    <step time="28.00" loaded="432" inserted="48" running="48" waiting="2" ended="0" arrived="0" collisions="0" teleports="0" halting="3" stopped="0" meanWaitingTime="1.35" meanTravelTime="-1.00" meanSpeed="3.79" meanSpeedRelative="0.61" duration="306437511"/>
    <step time="29.00" loaded="432" inserted="49" running="49" waiting="3" ended="0" arrived="0" collisions="0" teleports="0" halting="1" stopped="0" meanWaitingTime="1.35" meanTravelTime="-1.00" meanSpeed="3.53" meanSpeedRelative="0.57" duration="306437512"/>
    <step time="30.00" loaded="432" inserted="52" running="52" waiting="2" ended="0" arrived="0" collisions="0" teleports="0" halting="3" stopped="0" meanWaitingTime="1.35" meanTravelTime="-1.00" meanSpeed="1.93" meanSpeedRelative="0.74" duration="306479699"/>
    <step time="31.00" loaded="432" inserted="53" running="53" waiting="1" ended="0" arrived="0" collisions="0" teleports="0" halting="1" stopped="0" meanWaitingTime="1.66" meanTravelTime="-1.00" meanSpeed="1.89" meanSpeedRelative="0.66" duration="306479700"/>
    <step time="32.00" loaded="432" inserted="55" running="55" waiting="1" ended="0" arrived="0" collisions="0" teleports="0" halting="2" stopped="0" meanWaitingTime="1.64" meanTravelTime="-1.00" meanSpeed="1.88" meanSpeedRelative="0.64" duration="306479701"/>
    <step time="33.00" loaded="432" inserted="55" running="55" waiting="1" ended="0" arrived="0" collisions="0" teleports="0" halting="0" stopped="0" meanWaitingTime="1.64" meanTravelTime="-1.00" meanSpeed="1.91" meanSpeedRelative="0.69" duration="306479701"/>
    <step time="34.00" loaded="432" inserted="57" running="57" waiting="3" ended="0" arrived="0" collisions="0" teleports="0" halting="2" stopped="0" meanWaitingTime="1.61" meanTravelTime="-1.00" meanSpeed="1.74" meanSpeedRelative="0.66" duration="306479702"/>
    <step time="35.00" loaded="432" inserted="62" running="62" waiting="2" ended="0" arrived="0" collisions="0" teleports="0" halting="5" stopped="0" meanWaitingTime="1.58" meanTravelTime="-1.00" meanSpeed="2.52" meanSpeedRelative="0.47" duration="306521473"/>
    <step time="36.00" loaded="432" inserted="63" running="63" waiting="2" ended="0" arrived="0" collisions="0" teleports="0" halting="2" stopped="0" meanWaitingTime="1.57" meanTravelTime="-1.00" meanSpeed="3.12" meanSpeedRelative="0.55" duration="306521474"/>
    <step time="37.00" loaded="432" inserted="64" running="64" waiting="2" ended="0" arrived="0" collisions="0" teleports="0" halting="1" stopped="0" meanWaitingTime="1.56" meanTravelTime="-1.00" meanSpeed="3.55" meanSpeedRelative="0.59" duration="306521474"/>
    <step time="38.00" loaded="432" inserted="65" running="65" waiting="2" ended="0" arrived="0" collisions="0" teleports="0" halting="1" stopped="0" meanWaitingTime="1.55" meanTravelTime="-1.00" meanSpeed="4.00" meanSpeedRelative="0.65" duration="306521475"/>
    <step time="39.00" loaded="432" inserted="68" running="68" waiting="2" ended="0" arrived="0" collisions="0" teleports="0" halting="3" stopped="0" meanWaitingTime="1.53" meanTravelTime="-1.00" meanSpeed="4.16" meanSpeedRelative="0.66" duration="306521475"/>
    <step time="40.00" loaded="432" inserted="71" running="71" waiting="3" ended="0" arrived="0" collisions="0" teleports="0" halting="3" stopped="0" meanWaitingTime="1.51" meanTravelTime="-1.00" meanSpeed="4.03" meanSpeedRelative="0.77" duration="306562949"/>
    <step time="41.00" loaded="432" inserted="72" running="72" waiting="5" ended="0" arrived="0" collisions="0" teleports="0" halting="1" stopped="0" meanWaitingTime="1.50" meanTravelTime="-1.00" meanSpeed="3.88" meanSpeedRelative="0.67" duration="306562950"/>
    <step time="42.00" loaded="432" inserted="74" running="74" waiting="5" ended="0" arrived="0" collisions="0" teleports="0" halting="2" stopped="0" meanWaitingTime="1.51" meanTravelTime="-1.00" meanSpeed="3.93" meanSpeedRelative="0.65" duration="306562951"/>
    <step time="43.00" loaded="432" inserted="74" running="74" waiting="7" ended="0" arrived="0" collisions="0" teleports="0" halting="0" stopped="0" meanWaitingTime="1.51" meanTravelTime="-1.00" meanSpeed="4.08" meanSpeedRelative="0.68" duration="306562952"/>
    <step time="44.00" loaded="432" inserted="78" running="78" waiting="6" ended="0" arrived="0" collisions="0" teleports="0" halting="4" stopped="0" meanWaitingTime="1.50" meanTravelTime="-1.00" meanSpeed="3.99" meanSpeedRelative="0.66" duration="306562953"/>
    <step time="45.00" loaded="432" inserted="80" running="80" waiting="6" ended="0" arrived="0" collisions="0" teleports="0" halting="2" stopped="0" meanWaitingTime="1.49" meanTravelTime="-1.00" meanSpeed="2.32" meanSpeedRelative="0.81" duration="306605250"/>
    <step time="46.00" loaded="432" inserted="84" running="84" waiting="8" ended="0" arrived="0" collisions="0" teleports="0" halting="4" stopped="0" meanWaitingTime="1.46" meanTravelTime="-1.00" meanSpeed="2.11" meanSpeedRelative="0.65" duration="306605252"/>
    <step time="47.00" loaded="432" inserted="85" running="85" waiting="8" ended="0" arrived="0" collisions="0" teleports="0" halting="1" stopped="0" meanWaitingTime="1.46" meanTravelTime="-1.00" meanSpeed="2.28" meanSpeedRelative="0.68" duration="306605252"/>
    <step time="48.00" loaded="432" inserted="86" running="86" waiting="8" ended="0" arrived="0" collisions="0" teleports="0" halting="1" stopped="0" meanWaitingTime="1.45" meanTravelTime="-1.00" meanSpeed="2.41" meanSpeedRelative="0.71" duration="306605253"/>
    <step time="49.00" loaded="432" inserted="90" running="90" waiting="8" ended="0" arrived="0" collisions="0" teleports="0" halting="4" stopped="0" meanWaitingTime="1.52" meanTravelTime="-1.00" meanSpeed="2.34" meanSpeedRelative="0.70" duration="306605254"/>
    <step time="50.00" loaded="432" inserted="94" running="94" waiting="9" ended="0" arrived="0" collisions="0" teleports="0" halting="5" stopped="0" meanWaitingTime="1.74" meanTravelTime="-1.00" meanSpeed="3.04" meanSpeedRelative="0.51" duration="306647444"/>
    <step time="51.00" loaded="432" inserted="98" running="98" waiting="9" ended="0" arrived="0" collisions="0" teleports="0" halting="4" stopped="0" meanWaitingTime="1.72" meanTravelTime="-1.00" meanSpeed="3.63" meanSpeedRelative="0.57" duration="306647445"/>
    <step time="52.00" loaded="432" inserted="101" running="101" waiting="11" ended="0" arrived="0" collisions="0" teleports="0" halting="4" stopped="0" meanWaitingTime="1.79" meanTravelTime="-1.00" meanSpeed="4.08" meanSpeedRelative="0.63" duration="306647446"/>
    <step time="53.00" loaded="432" inserted="105" running="105" waiting="13" ended="0" arrived="0" collisions="0" teleports="0" halting="5" stopped="0" meanWaitingTime="1.78" meanTravelTime="-1.00" meanSpeed="4.25" meanSpeedRelative="0.65" duration="306647447"/>
    <step time="54.00" loaded="432" inserted="107" running="107" waiting="14" ended="0" arrived="0" collisions="0" teleports="0" halting="4" stopped="0" meanWaitingTime="1.78" meanTravelTime="-1.00" meanSpeed="4.29" meanSpeedRelative="0.66" duration="306647448"/>
    <step time="55.00" loaded="432" inserted="109" running="109" waiting="13" ended="0" arrived="0" collisions="0" teleports="0" halting="3" stopped="0" meanWaitingTime="1.89" meanTravelTime="-1.00" meanSpeed="3.75" meanSpeedRelative="0.70" duration="306689394"/>
    <step time="56.00" loaded="432" inserted="113" running="113" waiting="14" ended="0" arrived="0" collisions="0" teleports="0" halting="6" stopped="0" meanWaitingTime="1.86" meanTravelTime="-1.00" meanSpeed="3.50" meanSpeedRelative="0.60" duration="306689395"/>
    <step time="57.00" loaded="432" inserted="115" running="115" waiting="13" ended="0" arrived="0" collisions="0" teleports="0" halting="3" stopped="0" meanWaitingTime="1.87" meanTravelTime="-1.00" meanSpeed="3.52" meanSpeedRelative="0.61" duration="306689397"/>
    <step time="58.00" loaded="432" inserted="119" running="119" waiting="14" ended="0" arrived="0" collisions="0" teleports="0" halting="5" stopped="0" meanWaitingTime="1.99" meanTravelTime="-1.00" meanSpeed="3.40" meanSpeedRelative="0.58" duration="306689397"/>
    <step time="59.00" loaded="432" inserted="120" running="120" waiting="17" ended="0" arrived="0" collisions="0" teleports="0" halting="2" stopped="0" meanWaitingTime="1.98" meanTravelTime="-1.00" meanSpeed="3.39" meanSpeedRelative="0.59" duration="306689398"/>
    <step time="60.00" loaded="432" inserted="124" running="124" waiting="19" ended="0" arrived="0" collisions="0" teleports="0" halting="5" stopped="0" meanWaitingTime="1.95" meanTravelTime="-1.00" meanSpeed="2.30" meanSpeedRelative="0.61" duration="306726825"/>
    <step time="61.00" loaded="432" inserted="127" running="127" waiting="20" ended="0" arrived="0" collisions="0" teleports="0" halting="5" stopped="0" meanWaitingTime="1.94" meanTravelTime="-1.00" meanSpeed="2.24" meanSpeedRelative="0.58" duration="306726826"/>
    <step time="62.00" loaded="432" inserted="130" running="130" waiting="19" ended="0" arrived="0" collisions="0" teleports="0" halting="6" stopped="0" meanWaitingTime="1.97" meanTravelTime="-1.00" meanSpeed="2.20" meanSpeedRelative="0.57" duration="306726828"/>
    <step time="63.00" loaded="432" inserted="136" running="136" waiting="18" ended="0" arrived="0" collisions="0" teleports="0" halting="10" stopped="0" meanWaitingTime="2.18" meanTravelTime="-1.00" meanSpeed="2.13" meanSpeedRelative="0.56" duration="306726829"/>
    <step time="64.00" loaded="432" inserted="143" running="143" waiting="17" ended="0" arrived="0" collisions="0" teleports="0" halting="10" stopped="0" meanWaitingTime="2.25" meanTravelTime="-1.00" meanSpeed="2.05" meanSpeedRelative="0.52" duration="306726830"/>
    <step time="65.00" loaded="432" inserted="144" running="144" waiting="20" ended="0" arrived="0" collisions="0" teleports="0" halting="5" stopped="0" meanWaitingTime="2.38" meanTravelTime="-1.00" meanSpeed="2.94" meanSpeedRelative="0.40" duration="306759459"/>
    <step time="66.00" loaded="432" inserted="148" running="148" waiting="18" ended="0" arrived="0" collisions="0" teleports="0" halting="8" stopped="0" meanWaitingTime="2.50" meanTravelTime="-1.00" meanSpeed="3.68" meanSpeedRelative="0.49" duration="306759461"/>
    <step time="67.00" loaded="432" inserted="151" running="151" waiting="17" ended="0" arrived="0" collisions="0" teleports="0" halting="6" stopped="0" meanWaitingTime="2.48" meanTravelTime="-1.00" meanSpeed="4.47" meanSpeedRelative="0.58" duration="306759462"/>
    <step time="68.00" loaded="432" inserted="156" running="156" waiting="15" ended="0" arrived="0" collisions="0" teleports="0" halting="8" stopped="0" meanWaitingTime="2.60" meanTravelTime="-1.00" meanSpeed="4.81" meanSpeedRelative="0.61" duration="306759463"/>
    <step time="69.00" loaded="432" inserted="158" running="158" waiting="14" ended="0" arrived="0" collisions="0" teleports="0" halting="5" stopped="0" meanWaitingTime="2.70" meanTravelTime="-1.00" meanSpeed="5.09" meanSpeedRelative="0.66" duration="306759464"/>
    <step time="70.00" loaded="432" inserted="161" running="161" waiting="13" ended="0" arrived="0" collisions="0" teleports="0" halting="6" stopped="0" meanWaitingTime="2.78" meanTravelTime="-1.00" meanSpeed="5.12" meanSpeedRelative="0.58" duration="306791928"/>
    <step time="71.00" loaded="432" inserted="163" running="163" waiting="13" ended="0" arrived="0" collisions="0" teleports="0" halting="5" stopped="0" meanWaitingTime="2.87" meanTravelTime="-1.00" meanSpeed="5.10" meanSpeedRelative="0.57" duration="306791930"/>
    <step time="72.00" loaded="432" inserted="169" running="169" waiting="10" ended="0" arrived="0" collisions="0" teleports="0" halting="9" stopped="0" meanWaitingTime="3.04" meanTravelTime="-1.00" meanSpeed="4.80" meanSpeedRelative="0.54" duration="306791931"/>
    <step time="73.00" loaded="432" inserted="170" running="170" waiting="10" ended="0" arrived="0" collisions="0" teleports="0" halting="7" stopped="0" meanWaitingTime="3.02" meanTravelTime="-1.00" meanSpeed="4.46" meanSpeedRelative="0.50" duration="306791932"/>
    <step time="74.00" loaded="432" inserted="174" running="174" waiting="8" ended="0" arrived="0" collisions="0" teleports="0" halting="12" stopped="0" meanWaitingTime="3.10" meanTravelTime="-1.00" meanSpeed="4.20" meanSpeedRelative="0.47" duration="306791934"/>
    <step time="75.00" loaded="432" inserted="176" running="176" waiting="10" ended="0" arrived="0" collisions="0" teleports="0" halting="13" stopped="0" meanWaitingTime="3.20" meanTravelTime="-1.00" meanSpeed="2.23" meanSpeedRelative="0.96" duration="306833542"/>
    <step time="76.00" loaded="432" inserted="179" running="179" waiting="9" ended="0" arrived="0" collisions="0" teleports="0" halting="16" stopped="0" meanWaitingTime="3.17" meanTravelTime="-1.00" meanSpeed="1.87" meanSpeedRelative="0.57" duration="306833544"/>
    <step time="77.00" loaded="432" inserted="181" running="181" waiting="9" ended="0" arrived="0" collisions="0" teleports="0" halting="15" stopped="0" meanWaitingTime="3.16" meanTravelTime="-1.00" meanSpeed="1.93" meanSpeedRelative="0.58" duration="306833546"/>
    <step time="78.00" loaded="432" inserted="183" running="183" waiting="9" ended="0" arrived="0" collisions="0" teleports="0" halting="15" stopped="0" meanWaitingTime="3.14" meanTravelTime="-1.00" meanSpeed="1.95" meanSpeedRelative="0.59" duration="306833547"/>
    <step time="79.00" loaded="432" inserted="183" running="183" waiting="9" ended="0" arrived="0" collisions="0" teleports="0" halting="13" stopped="0" meanWaitingTime="3.14" meanTravelTime="-1.00" meanSpeed="1.96" meanSpeedRelative="0.57" duration="306833548"/>
    <step time="80.00" loaded="432" inserted="185" running="185" waiting="10" ended="0" arrived="0" collisions="0" teleports="0" halting="15" stopped="0" meanWaitingTime="3.11" meanTravelTime="-1.00" meanSpeed="2.48" meanSpeedRelative="0.48" duration="306874958"/>
    <step time="81.00" loaded="432" inserted="186" running="186" waiting="9" ended="0" arrived="0" collisions="0" teleports="0" halting="14" stopped="0" meanWaitingTime="3.18" meanTravelTime="-1.00" meanSpeed="2.92" meanSpeedRelative="0.52" duration="306874959"/>
    <step time="82.00" loaded="432" inserted="192" running="192" waiting="9" ended="0" arrived="0" collisions="0" teleports="0" halting="20" stopped="0" meanWaitingTime="3.11" meanTravelTime="-1.00" meanSpeed="3.19" meanSpeedRelative="0.54" duration="306874960"/>
    <step time="83.00" loaded="432" inserted="196" running="196" waiting="9" ended="0" arrived="0" collisions="0" teleports="0" halting="19" stopped="0" meanWaitingTime="3.09" meanTravelTime="-1.00" meanSpeed="3.30" meanSpeedRelative="0.57" duration="306874962"/>
    <step time="84.00" loaded="432" inserted="199" running="199" waiting="10" ended="0" arrived="0" collisions="0" teleports="0" halting="19" stopped="0" meanWaitingTime="3.06" meanTravelTime="-1.00" meanSpeed="3.35" meanSpeedRelative="0.58" duration="306874964"/>
    <step time="85.00" loaded="432" inserted="202" running="202" waiting="10" ended="0" arrived="0" collisions="0" teleports="0" halting="19" stopped="0" meanWaitingTime="3.03" meanTravelTime="-1.00" meanSpeed="2.95" meanSpeedRelative="0.59" duration="306917135"/>
    <step time="86.00" loaded="432" inserted="204" running="204" waiting="9" ended="0" arrived="0" collisions="0" teleports="0" halting="18" stopped="0" meanWaitingTime="3.02" meanTravelTime="-1.00" meanSpeed="2.88" meanSpeedRelative="0.54" duration="306917137"/>
    <step time="87.00" loaded="432" inserted="207" running="207" waiting="10" ended="0" arrived="0" collisions="0" teleports="0" halting="21" stopped="0" meanWaitingTime="2.99" meanTravelTime="-1.00" meanSpeed="2.84" meanSpeedRelative="0.53" duration="306917138"/>
    <step time="88.00" loaded="432" inserted="209" running="209" waiting="11" ended="0" arrived="0" collisions="0" teleports="0" halting="20" stopped="0" meanWaitingTime="2.97" meanTravelTime="-1.00" meanSpeed="2.73" meanSpeedRelative="0.51" duration="306917139"/>
    <step time="89.00" loaded="432" inserted="212" running="212" waiting="10" ended="0" arrived="0" collisions="0" teleports="0" halting="22" stopped="0" meanWaitingTime="3.01" meanTravelTime="-1.00" meanSpeed="2.68" meanSpeedRelative="0.52" duration="306917141"/>
    <step time="90.00" loaded="432" inserted="214" running="214" waiting="10" ended="0" arrived="0" collisions="0" teleports="0" halting="11" stopped="0" meanWaitingTime="2.99" meanTravelTime="-1.00" meanSpeed="2.07" meanSpeedRelative="0.62" duration="306959345"/>
    <step time="91.00" loaded="432" inserted="214" running="214" waiting="11" ended="0" arrived="0" collisions="0" teleports="0" halting="6" stopped="0" meanWaitingTime="2.99" meanTravelTime="-1.00" meanSpeed="1.89" meanSpeedRelative="0.56" duration="306959347"/>
    <step time="92.00" loaded="432" inserted="214" running="214" waiting="12" ended="0" arrived="0" collisions="0" teleports="0" halting="4" stopped="0" meanWaitingTime="2.99" meanTravelTime="-1.00" meanSpeed="1.94" meanSpeedRelative="0.58" duration="306959348"/>
    <step time="93.00" loaded="432" inserted="214" running="214" waiting="13" ended="0" arrived="0" collisions="0" teleports="0" halting="2" stopped="0" meanWaitingTime="2.99" meanTravelTime="-1.00" meanSpeed="1.96" meanSpeedRelative="0.58" duration="306959349"/>
    <step time="94.00" loaded="432" inserted="216" running="216" waiting="11" ended="0" arrived="0" collisions="0" teleports="0" halting="3" stopped="0" meanWaitingTime="3.19" meanTravelTime="-1.00" meanSpeed="1.98" meanSpeedRelative="0.59" duration="306959351"/>
    <step time="95.00" loaded="432" inserted="216" running="216" waiting="11" ended="0" arrived="0" collisions="0" teleports="0" halting="2" stopped="0" meanWaitingTime="3.19" meanTravelTime="-1.00" meanSpeed="2.27" meanSpeedRelative="0.47" duration="307001305"/>
    <step time="96.00" loaded="432" inserted="218" running="218" waiting="10" ended="0" arrived="0" collisions="0" teleports="0" halting="2" stopped="0" meanWaitingTime="3.36" meanTravelTime="-1.00" meanSpeed="2.62" meanSpeedRelative="0.53" duration="307001307"/>
    <step time="97.00" loaded="432" inserted="221" running="221" waiting="12" ended="0" arrived="0" collisions="0" teleports="0" halting="4" stopped="0" meanWaitingTime="3.37" meanTravelTime="-1.00" meanSpeed="2.83" meanSpeedRelative="0.54" duration="307001308"/>
    <step time="98.00" loaded="432" inserted="224" running="224" waiting="11" ended="0" arrived="0" collisions="0" teleports="0" halting="4" stopped="0" meanWaitingTime="3.34" meanTravelTime="-1.00" meanSpeed="2.89" meanSpeedRelative="0.54" duration="307001309"/>
    <step time="99.00" loaded="432" inserted="224" running="224" waiting="13" ended="0" arrived="0" collisions="0" teleports="0" halting="1" stopped="0" meanWaitingTime="3.34" meanTravelTime="-1.00" meanSpeed="2.85" meanSpeedRelative="0.55" duration="307001311"/>
    <step time="100.00" loaded="432" inserted="225" running="225" waiting="12" ended="0" arrived="0" collisions="0" teleports="0" halting="2" stopped="0" meanWaitingTime="3.34" meanTravelTime="-1.00" meanSpeed="2.44" meanSpeedRelative="0.55" duration="307043597"/>
    <step time="101.00" loaded="432" inserted="227" running="227" waiting="12" ended="0" arrived="0" collisions="0" teleports="0" halting="3" stopped="0" meanWaitingTime="3.32" meanTravelTime="-1.00" meanSpeed="2.28" meanSpeedRelative="0.49" duration="307043599"/>
    <step time="102.00" loaded="432" inserted="230" running="230" waiting="11" ended="0" arrived="0" collisions="0" teleports="0" halting="4" stopped="0" meanWaitingTime="3.31" meanTravelTime="-1.00" meanSpeed="2.32" meanSpeedRelative="0.49" duration="307043600"/>
    <step time="103.00" loaded="432" inserted="232" running="232" waiting="11" ended="0" arrived="0" collisions="0" teleports="0" halting="4" stopped="0" meanWaitingTime="3.29" meanTravelTime="-1.00" meanSpeed="2.17" meanSpeedRelative="0.48" duration="307043602"/>
    <step time="104.00" loaded="432" inserted="233" running="233" waiting="11" ended="0" arrived="0" collisions="0" teleports="0" halting="3" stopped="0" meanWaitingTime="3.33" meanTravelTime="-1.00" meanSpeed="2.08" meanSpeedRelative="0.46" duration="307043604"/>
    <step time="105.00" loaded="432" inserted="235" running="235" waiting="11" ended="0" arrived="0" collisions="0" teleports="0" halting="5" stopped="0" meanWaitingTime="3.31" meanTravelTime="-1.00" meanSpeed="1.59" meanSpeedRelative="0.53" duration="307085709"/>
    <step time="106.00" loaded="432" inserted="237" running="237" waiting="10" ended="0" arrived="0" collisions="0" teleports="0" halting="4" stopped="0" meanWaitingTime="3.35" meanTravelTime="-1.00" meanSpeed="1.55" meanSpeedRelative="0.51" duration="307085711"/>
    <step time="107.00" loaded="432" inserted="238" running="238" waiting="12" ended="0" arrived="0" collisions="0" teleports="0" halting="3" stopped="0" meanWaitingTime="3.34" meanTravelTime="-1.00" meanSpeed="1.61" meanSpeedRelative="0.52" duration="307085713"/>
    <step time="108.00" loaded="432" inserted="239" running="239" waiting="12" ended="0" arrived="0" collisions="0" teleports="0" halting="3" stopped="0" meanWaitingTime="3.33" meanTravelTime="-1.00" meanSpeed="1.60" meanSpeedRelative="0.52" duration="307085714"/>
    <step time="109.00" loaded="432" inserted="242" running="242" waiting="11" ended="0" arrived="0" collisions="0" teleports="0" halting="5" stopped="0" meanWaitingTime="3.31" meanTravelTime="-1.00" meanSpeed="1.55" meanSpeedRelative="0.51" duration="307085716"/>
    <step time="110.00" loaded="432" inserted="243" running="243" waiting="12" ended="0" arrived="0" collisions="0" teleports="0" halting="3" stopped="0" meanWaitingTime="3.30" meanTravelTime="-1.00" meanSpeed="1.84" meanSpeedRelative="0.42" duration="307128197"/>
    <step time="111.00" loaded="432" inserted="246" running="246" waiting="12" ended="0" arrived="0" collisions="0" teleports="0" halting="5" stopped="0" meanWaitingTime="3.28" meanTravelTime="-1.00" meanSpeed="2.17" meanSpeedRelative="0.46" duration="307128199"/>
    <step time="112.00" loaded="432" inserted="247" running="247" waiting="11" ended="0" arrived="0" collisions="0" teleports="0" halting="3" stopped="0" meanWaitingTime="3.33" meanTravelTime="-1.00" meanSpeed="2.39" meanSpeedRelative="0.48" duration="307128200"/>
    <step time="113.00" loaded="432" inserted="248" running="248" waiting="11" ended="0" arrived="0" collisions="0" teleports="0" halting="3" stopped="0" meanWaitingTime="3.32" meanTravelTime="-1.00" meanSpeed="2.52" meanSpeedRelative="0.50" duration="307128202"/>
    <step time="114.00" loaded="432" inserted="249" running="249" waiting="12" ended="0" arrived="0" collisions="0" teleports="0" halting="3" stopped="0" meanWaitingTime="3.31" meanTravelTime="-1.00" meanSpeed="2.54" meanSpeedRelative="0.50" duration="307128204"/>
    <step time="115.00" loaded="432" inserted="250" running="250" waiting="12" ended="0" arrived="0" collisions="0" teleports="0" halting="3" stopped="0" meanWaitingTime="3.53" meanTravelTime="-1.00" meanSpeed="2.11" meanSpeedRelative="0.54" duration="307170474"/>
    <step time="116.00" loaded="432" inserted="252" running="252" waiting="13" ended="0" arrived="0" collisions="0" teleports="0" halting="5" stopped="0" meanWaitingTime="3.51" meanTravelTime="-1.00" meanSpeed="1.96" meanSpeedRelative="0.46" duration="307170477"/>
    <step time="117.00" loaded="432" inserted="254" running="254" waiting="13" ended="0" arrived="0" collisions="0" teleports="0" halting="4" stopped="0" meanWaitingTime="3.49" meanTravelTime="-1.00" meanSpeed="2.00" meanSpeedRelative="0.47" duration="307170478"/>
    <step time="118.00" loaded="432" inserted="254" running="254" waiting="14" ended="0" arrived="0" collisions="0" teleports="0" halting="2" stopped="0" meanWaitingTime="3.49" meanTravelTime="-1.00" meanSpeed="1.97" meanSpeedRelative="0.46" duration="307170480"/>
    <step time="119.00" loaded="432" inserted="260" running="260" waiting="14" ended="0" arrived="0" collisions="0" teleports="0" halting="8" stopped="0" meanWaitingTime="3.62" meanTravelTime="-1.00" meanSpeed="1.88" meanSpeedRelative="0.45" duration="307170482"/>
    <step time="120.00" loaded="432" inserted="261" running="261" waiting="13" ended="0" arrived="0" collisions="0" teleports="0" halting="4" stopped="0" meanWaitingTime="3.67" meanTravelTime="-1.00" meanSpeed="1.64" meanSpeedRelative="0.47" duration="307207931"/>
    <step time="121.00" loaded="432" inserted="263" running="263" waiting="12" ended="0" arrived="0" collisions="0" teleports="0" halting="5" stopped="0" meanWaitingTime="3.66" meanTravelTime="-1.00" meanSpeed="1.63" meanSpeedRelative="0.44" duration="307207933"/>
    <step time="122.00" loaded="432" inserted="263" running="263" waiting="12" ended="0" arrived="0" collisions="0" teleports="0" halting="2" stopped="0" meanWaitingTime="3.66" meanTravelTime="-1.00" meanSpeed="1.71" meanSpeedRelative="0.46" duration="307207935"/>
    <step time="123.00" loaded="432" inserted="263" running="263" waiting="12" ended="0" arrived="0" collisions="0" teleports="0" halting="3" stopped="0" meanWaitingTime="3.66" meanTravelTime="-1.00" meanSpeed="1.70" meanSpeedRelative="0.46" duration="307207937"/>
    <step time="124.00" loaded="432" inserted="266" running="266" waiting="12" ended="0" arrived="0" collisions="0" teleports="0" halting="6" stopped="0" meanWaitingTime="3.63" meanTravelTime="-1.00" meanSpeed="1.64" meanSpeedRelative="0.45" duration="307207939"/>
    <step time="125.00" loaded="432" inserted="268" running="268" waiting="11" ended="0" arrived="0" collisions="0" teleports="0" halting="5" stopped="0" meanWaitingTime="3.75" meanTravelTime="-1.00" meanSpeed="2.17" meanSpeedRelative="0.32" duration="307240399"/>
    <step time="126.00" loaded="432" inserted="271" running="271" waiting="10" ended="0" arrived="0" collisions="0" teleports="0" halting="6" stopped="0" meanWaitingTime="4.01" meanTravelTime="-1.00" meanSpeed="2.58" meanSpeedRelative="0.36" duration="307240401"/>
    <step time="127.00" loaded="432" inserted="273" running="273" waiting="9" ended="0" arrived="0" collisions="0" teleports="0" halting="5" stopped="0" meanWaitingTime="4.06" meanTravelTime="-1.00" meanSpeed="2.90" meanSpeedRelative="0.39" duration="307240403"/>
    <step time="128.00" loaded="432" inserted="274" running="274" waiting="10" ended="0" arrived="0" collisions="0" teleports="0" halting="4" stopped="0" meanWaitingTime="4.05" meanTravelTime="-1.00" meanSpeed="3.15" meanSpeedRelative="0.42" duration="307240405"/>
    <step time="129.00" loaded="432" inserted="276" running="276" waiting="10" ended="0" arrived="0" collisions="0" teleports="0" halting="5" stopped="0" meanWaitingTime="4.03" meanTravelTime="-1.00" meanSpeed="3.16" meanSpeedRelative="0.43" duration="307240407"/>
    <step time="130.00" loaded="432" inserted="282" running="282" waiting="8" ended="0" arrived="0" collisions="0" teleports="0" halting="10" stopped="0" meanWaitingTime="4.22" meanTravelTime="-1.00" meanSpeed="3.24" meanSpeedRelative="0.37" duration="307273128"/>
    <step time="131.00" loaded="432" inserted="284" running="284" waiting="7" ended="0" arrived="0" collisions="0" teleports="0" halting="6" stopped="0" meanWaitingTime="4.27" meanTravelTime="-1.00" meanSpeed="3.28" meanSpeedRelative="0.37" duration="307273130"/>
    <step time="132.00" loaded="432" inserted="285" running="285" waiting="7" ended="0" arrived="0" collisions="0" teleports="0" halting="6" stopped="0" meanWaitingTime="4.26" meanTravelTime="-1.00" meanSpeed="3.26" meanSpeedRelative="0.37" duration="307273132"/>
    <step time="133.00" loaded="432" inserted="291" running="291" waiting="6" ended="0" arrived="0" collisions="0" teleports="0" halting="11" stopped="0" meanWaitingTime="4.36" meanTravelTime="-1.00" meanSpeed="3.19" meanSpeedRelative="0.36" duration="307273134"/>
    <step time="134.00" loaded="432" inserted="293" running="293" waiting="5" ended="0" arrived="0" collisions="0" teleports="0" halting="7" stopped="0" meanWaitingTime="4.36" meanTravelTime="-1.00" meanSpeed="3.08" meanSpeedRelative="0.35" duration="307273137"/>
    <step time="135.00" loaded="432" inserted="295" running="295" waiting="6" ended="0" arrived="0" collisions="0" teleports="0" halting="8" stopped="0" meanWaitingTime="4.34" meanTravelTime="-1.00" meanSpeed="1.53" meanSpeedRelative="0.88" duration="307315184"/>
    <step time="136.00" loaded="432" inserted="296" running="296" waiting="7" ended="0" arrived="0" collisions="0" teleports="0" halting="7" stopped="0" meanWaitingTime="4.33" meanTravelTime="-1.00" meanSpeed="1.21" meanSpeedRelative="0.49" duration="307315187"/>
    <step time="137.00" loaded="432" inserted="297" running="297" waiting="7" ended="0" arrived="0" collisions="0" teleports="0" halting="7" stopped="0" meanWaitingTime="4.32" meanTravelTime="-1.00" meanSpeed="1.26" meanSpeedRelative="0.51" duration="307315189"/>
    <step time="138.00" loaded="432" inserted="299" running="299" waiting="7" ended="0" arrived="0" collisions="0" teleports="0" halting="7" stopped="0" meanWaitingTime="4.29" meanTravelTime="-1.00" meanSpeed="1.24" meanSpeedRelative="0.50" duration="307315191"/>
    <step time="139.00" loaded="432" inserted="301" running="301" waiting="8" ended="0" arrived="0" collisions="0" teleports="0" halting="8" stopped="0" meanWaitingTime="4.27" meanTravelTime="-1.00" meanSpeed="1.25" meanSpeedRelative="0.51" duration="307315193"/>
    <step time="140.00" loaded="432" inserted="303" running="303" waiting="9" ended="0" arrived="0" collisions="0" teleports="0" halting="9" stopped="0" meanWaitingTime="4.25" meanTravelTime="-1.00" meanSpeed="1.64" meanSpeedRelative="0.42" duration="307357615"/>
    <step time="141.00" loaded="432" inserted="306" running="306" waiting="9" ended="0" arrived="0" collisions="0" teleports="0" halting="11" stopped="0" meanWaitingTime="4.22" meanTravelTime="-1.00" meanSpeed="1.96" meanSpeedRelative="0.45" duration="307357617"/>
    <step time="142.00" loaded="432" inserted="308" running="308" waiting="7" ended="0" arrived="0" collisions="0" teleports="0" halting="10" stopped="0" meanWaitingTime="4.38" meanTravelTime="-1.00" meanSpeed="2.23" meanSpeedRelative="0.49" duration="307357620"/>
    <step time="143.00" loaded="432" inserted="310" running="310" waiting="7" ended="0" arrived="0" collisions="0" teleports="0" halting="12" stopped="0" meanWaitingTime="4.36" meanTravelTime="-1.00" meanSpeed="2.22" meanSpeedRelative="0.48" duration="307357622"/>
    <step time="144.00" loaded="432" inserted="313" running="313" waiting="8" ended="0" arrived="0" collisions="0" teleports="0" halting="13" stopped="0" meanWaitingTime="4.33" meanTravelTime="-1.00" meanSpeed="2.14" meanSpeedRelative="0.48" duration="307357624"/>
    <step time="145.00" loaded="432" inserted="313" running="313" waiting="8" ended="0" arrived="0" collisions="0" teleports="0" halting="11" stopped="0" meanWaitingTime="4.33" meanTravelTime="-1.00" meanSpeed="1.96" meanSpeedRelative="0.49" duration="307400112"/>
    <step time="146.00" loaded="432" inserted="315" running="315" waiting="8" ended="0" arrived="0" collisions="0" teleports="0" halting="13" stopped="0" meanWaitingTime="4.31" meanTravelTime="-1.00" meanSpeed="1.99" meanSpeedRelative="0.45" duration="307400115"/>
    <step time="147.00" loaded="432" inserted="316" running="316" waiting="8" ended="0" arrived="0" collisions="0" teleports="0" halting="12" stopped="0" meanWaitingTime="4.33" meanTravelTime="-1.00" meanSpeed="2.02" meanSpeedRelative="0.46" duration="307400117"/>
    <step time="148.00" loaded="432" inserted="317" running="317" waiting="8" ended="0" arrived="0" collisions="0" teleports="0" halting="15" stopped="0" meanWaitingTime="4.32" meanTravelTime="-1.00" meanSpeed="1.87" meanSpeedRelative="0.43" duration="307400119"/>
    <step time="149.00" loaded="432" inserted="317" running="317" waiting="9" ended="0" arrived="0" collisions="0" teleports="0" halting="14" stopped="0" meanWaitingTime="4.32" meanTravelTime="-1.00" meanSpeed="1.74" meanSpeedRelative="0.42" duration="307400121"/>
    <step time="150.00" loaded="432" inserted="321" running="321" waiting="10" ended="0" arrived="0" collisions="0" teleports="0" halting="22" stopped="0" meanWaitingTime="4.30" meanTravelTime="-1.00" meanSpeed="1.16" meanSpeedRelative="0.48" duration="307442366"/>
    <step time="151.00" loaded="432" inserted="322" running="322" waiting="11" ended="0" arrived="0" collisions="0" teleports="0" halting="21" stopped="0" meanWaitingTime="4.29" meanTravelTime="-1.00" meanSpeed="1.11" meanSpeedRelative="0.44" duration="307442369"/>
    <step time="152.00" loaded="432" inserted="322" running="322" waiting="13" ended="0" arrived="0" collisions="0" teleports="0" halting="20" stopped="0" meanWaitingTime="4.29" meanTravelTime="-1.00" meanSpeed="1.16" meanSpeedRelative="0.46" duration="307442371"/>
    <step time="153.00" loaded="432" inserted="322" running="322" waiting="13" ended="0" arrived="0" collisions="0" teleports="0" halting="21" stopped="0" meanWaitingTime="4.29" meanTravelTime="-1.00" meanSpeed="1.20" meanSpeedRelative="0.48" duration="307442373"/>
    <step time="154.00" loaded="432" inserted="324" running="324" waiting="13" ended="0" arrived="0" collisions="0" teleports="0" halting="24" stopped="0" meanWaitingTime="4.27" meanTravelTime="-1.00" meanSpeed="1.16" meanSpeedRelative="0.47" duration="307442375"/>
    <step time="155.00" loaded="432" inserted="324" running="324" waiting="13" ended="0" arrived="0" collisions="0" teleports="0" halting="22" stopped="0" meanWaitingTime="4.27" meanTravelTime="-1.00" meanSpeed="1.45" meanSpeedRelative="0.40" duration="307484044"/>
    <step time="156.00" loaded="432" inserted="324" running="324" waiting="13" ended="0" arrived="0" collisions="0" teleports="0" halting="22" stopped="0" meanWaitingTime="4.27" meanTravelTime="-1.00" meanSpeed="1.73" meanSpeedRelative="0.43" duration="307484046"/>
    <step time="157.00" loaded="432" inserted="325" running="325" waiting="13" ended="0" arrived="0" collisions="0" teleports="0" halting="24" stopped="0" meanWaitingTime="4.26" meanTravelTime="-1.00" meanSpeed="1.96" meanSpeedRelative="0.44" duration="307484049"/>
    <step time="158.00" loaded="432" inserted="328" running="328" waiting="13" ended="0" arrived="0" collisions="0" teleports="0" halting="26" stopped="0" meanWaitingTime="4.23" meanTravelTime="-1.00" meanSpeed="2.00" meanSpeedRelative="0.45" duration="307484052"/>
    <step time="159.00" loaded="432" inserted="329" running="329" waiting="14" ended="0" arrived="0" collisions="0" teleports="0" halting="26" stopped="0" meanWaitingTime="4.22" meanTravelTime="-1.00" meanSpeed="1.95" meanSpeedRelative="0.44" duration="307484054"/>
    <step time="160.00" loaded="432" inserted="331" running="331" waiting="14" ended="0" arrived="0" collisions="0" teleports="0" halting="28" stopped="0" meanWaitingTime="4.20" meanTravelTime="-1.00" meanSpeed="1.70" meanSpeedRelative="0.46" duration="307526601"/>
    <step time="161.00" loaded="432" inserted="333" running="333" waiting="14" ended="0" arrived="0" collisions="0" teleports="0" halting="28" stopped="0" meanWaitingTime="4.18" meanTravelTime="-1.00" meanSpeed="1.68" meanSpeedRelative="0.42" duration="307526604"/>
    <step time="162.00" loaded="432" inserted="334" running="334" waiting="14" ended="0" arrived="0" collisions="0" teleports="0" halting="29" stopped="0" meanWaitingTime="4.17" meanTravelTime="-1.00" meanSpeed="1.64" meanSpeedRelative="0.41" duration="307526607"/>
    <step time="163.00" loaded="432" inserted="336" running="336" waiting="13" ended="0" arrived="0" collisions="0" teleports="0" halting="31" stopped="0" meanWaitingTime="4.34" meanTravelTime="-1.00" meanSpeed="1.59" meanSpeedRelative="0.41" duration="307526609"/>
    <step time="164.00" loaded="432" inserted="338" running="338" waiting="12" ended="0" arrived="0" collisions="0" teleports="0" halting="35" stopped="0" meanWaitingTime="4.40" meanTravelTime="-1.00" meanSpeed="1.58" meanSpeedRelative="0.41" duration="307526611"/>
    <step time="165.00" loaded="432" inserted="338" running="338" waiting="13" ended="0" arrived="0" collisions="0" teleports="0" halting="36" stopped="0" meanWaitingTime="4.40" meanTravelTime="-1.00" meanSpeed="1.10" meanSpeedRelative="0.45" duration="307568418"/>
    <step time="166.00" loaded="432" inserted="340" running="340" waiting="14" ended="0" arrived="0" collisions="0" teleports="0" halting="41" stopped="0" meanWaitingTime="4.38" meanTravelTime="-1.00" meanSpeed="1.00" meanSpeedRelative="0.41" duration="307568420"/>
    <step time="167.00" loaded="432" inserted="346" running="346" waiting="14" ended="0" arrived="0" collisions="0" teleports="0" halting="46" stopped="0" meanWaitingTime="4.36" meanTravelTime="-1.00" meanSpeed="0.98" meanSpeedRelative="0.42" duration="307568423"/>
    <step time="168.00" loaded="432" inserted="347" running="347" waiting="14" ended="0" arrived="0" collisions="0" teleports="0" halting="43" stopped="0" meanWaitingTime="4.35" meanTravelTime="-1.00" meanSpeed="0.98" meanSpeedRelative="0.43" duration="307568425"/>
    <step time="169.00" loaded="432" inserted="349" running="349" waiting="13" ended="0" arrived="0" collisions="0" teleports="0" halting="44" stopped="0" meanWaitingTime="4.34" meanTravelTime="-1.00" meanSpeed="0.99" meanSpeedRelative="0.42" duration="307568427"/>
    <step time="170.00" loaded="432" inserted="350" running="350" waiting="14" ended="0" arrived="0" collisions="0" teleports="0" halting="43" stopped="0" meanWaitingTime="4.33" meanTravelTime="-1.00" meanSpeed="1.28" meanSpeedRelative="0.36" duration="307609695"/>
    <step time="171.00" loaded="432" inserted="352" running="352" waiting="15" ended="0" arrived="0" collisions="0" teleports="0" halting="45" stopped="0" meanWaitingTime="4.31" meanTravelTime="-1.00" meanSpeed="1.56" meanSpeedRelative="0.39" duration="307609698"/>
    <step time="172.00" loaded="432" inserted="354" running="354" waiting="15" ended="0" arrived="0" collisions="0" teleports="0" halting="46" stopped="0" meanWaitingTime="4.29" meanTravelTime="-1.00" meanSpeed="1.74" meanSpeedRelative="0.42" duration="307609701"/>
    <step time="173.00" loaded="432" inserted="357" running="357" waiting="16" ended="0" arrived="0" collisions="0" teleports="0" halting="48" stopped="0" meanWaitingTime="4.27" meanTravelTime="-1.00" meanSpeed="1.80" meanSpeedRelative="0.43" duration="307609703"/>
    <step time="174.00" loaded="432" inserted="359" running="359" waiting="15" ended="0" arrived="0" collisions="0" teleports="0" halting="49" stopped="0" meanWaitingTime="4.25" meanTravelTime="-1.00" meanSpeed="1.79" meanSpeedRelative="0.43" duration="307609706"/>
    <step time="175.00" loaded="432" inserted="361" running="361" waiting="15" ended="0" arrived="0" collisions="0" teleports="0" halting="48" stopped="0" meanWaitingTime="4.23" meanTravelTime="-1.00" meanSpeed="1.60" meanSpeedRelative="0.44" duration="307651576"/>
    <step time="176.00" loaded="432" inserted="363" running="363" waiting="17" ended="0" arrived="0" collisions="0" teleports="0" halting="51" stopped="0" meanWaitingTime="4.21" meanTravelTime="-1.00" meanSpeed="1.60" meanSpeedRelative="0.40" duration="307651580"/>
    <step time="177.00" loaded="432" inserted="367" running="367" waiting="18" ended="0" arrived="0" collisions="0" teleports="0" halting="52" stopped="0" meanWaitingTime="4.18" meanTravelTime="-1.00" meanSpeed="1.60" meanSpeedRelative="0.40" duration="307651584"/>
    <step time="178.00" loaded="432" inserted="369" running="369" waiting="18" ended="0" arrived="0" collisions="0" teleports="0" halting="50" stopped="0" meanWaitingTime="4.16" meanTravelTime="-1.00" meanSpeed="1.62" meanSpeedRelative="0.40" duration="307651588"/>
    <step time="179.00" loaded="432" inserted="372" running="372" waiting="17" ended="0" arrived="0" collisions="0" teleports="0" halting="52" stopped="0" meanWaitingTime="4.15" meanTravelTime="-1.00" meanSpeed="1.55" meanSpeedRelative="0.39" duration="307651590"/>
</summary>
